Università,Titolo di Studio,Facoltà,Corso di Laurea,Materie
Università,Laurea,Architettura,Architettura,Progettazione Architettonica
Università,Laurea,Architettura,Architettura,Storia Della Architettura
Università,Laurea,Architettura,Architettura,Storia Arte Moderna e Contemporanea
Università,Laurea,Architettura,Architettura,Tecnologia Della Architettura
Università,Laurea,Architettura,Architettura,Matematica
Università,Laurea,Architettura,Architettura,Statica
Università,Laurea,Architettura,Architettura,Urbanistica
Università,Laurea,Architettura,Architettura,Fisica Tecnica Ambientale
Università,Laurea,Architettura,Architettura,Disegno Industriale
Università,Laurea,Architettura,Architettura,Scienza Delle Costruzioni
Università,Laurea,Architettura,Architettura,Tecnologie Del Recupero Edilizio
Università,Laurea,Architettura,Architettura,Estimo
Università,Laurea,Architettura,Architettura,Diritto Urbanistico
Università,Laurea,Architettura,Architettura,Restauro
Università,Laurea,Architettura,Architettura,Tecniche Innovative Rilevamento
Università,Laurea,Chimica e Tecnologia Farmaceutiche,Chimica e Tecnologia Farmaceutiche,Chimica Generle
Università,Laurea,Chimica e Tecnologia Farmaceutiche,Chimica e Tecnologia Farmaceutiche,Chimica Inorganica
Università,Laurea,Chimica e Tecnologia Farmaceutiche,Chimica e Tecnologia Farmaceutiche,Matematica
Università,Laurea,Chimica e Tecnologia Farmaceutiche,Chimica e Tecnologia Farmaceutiche,Fisica
Università,Laurea,Chimica e Tecnologia Farmaceutiche,Chimica e Tecnologia Farmaceutiche,Biologia Animale
Università,Laurea,Chimica e Tecnologia Farmaceutiche,Chimica e Tecnologia Farmaceutiche,Biologia Vegetale
Università,Laurea,Chimica e Tecnologia Farmaceutiche,Chimica e Tecnologia Farmaceutiche,Anatomia Umana
Università,Laurea,Chimica e Tecnologia Farmaceutiche,Chimica e Tecnologia Farmaceutiche,Farmacologia
Università,Laurea,Chimica e Tecnologia Farmaceutiche,Chimica e Tecnologia Farmaceutiche,Farmacognosia
Università,Laurea,Chimica e Tecnologia Farmaceutiche,Chimica e Tecnologia Farmaceutiche,Microbiologia Generale
Università,Laurea,Chimica e Tecnologia Farmaceutiche,Chimica e Tecnologia Farmaceutiche,Analisi Dei Medicinali
Università,Laurea,Chimica e Tecnologia Farmaceutiche,Chimica e Tecnologia Farmaceutiche,Biochimica
Università,Laurea,Chimica e Tecnologia Farmaceutiche,Chimica e Tecnologia Farmaceutiche,Chimica Organica
Università,Laurea,Chimica e Tecnologia Farmaceutiche,Chimica e Tecnologia Farmaceutiche,Biologia Molecolare
Università,Laurea,Chimica e Tecnologia Farmaceutiche,Chimica e Tecnologia Farmaceutiche,Chimica Analitica
Università,Laurea,Chimica e Tecnologia Farmaceutiche,Chimica e Tecnologia Farmaceutiche,Chimica Fisica
Università,Laurea,Chimica e Tecnologia Farmaceutiche,Chimica e Tecnologia Farmaceutiche,Metodi Fisici in Chimica Organica
Università,Laurea,Chimica e Tecnologia Farmaceutiche,Chimica e Tecnologia Farmaceutiche,Chimica Degli Elementi
Università,Laurea,Chimica e Tecnologia Farmaceutiche,Chimica e Tecnologia Farmaceutiche,Chimica Farmaceutica
Università,Laurea,Chimica e Tecnologia Farmaceutiche,Chimica e Tecnologia Farmaceutiche,Tossicologia
Università,Laurea,Chimica e Tecnologia Farmaceutiche,Chimica e Tecnologia Farmaceutiche,Fisiologia Generale e Patologia
Università,Laurea,Chimica e Tecnologia Farmaceutiche,Chimica e Tecnologia Farmaceutiche,Farmacologia
Università,Laurea,Chimica e Tecnologia Farmaceutiche,Chimica e Tecnologia Farmaceutiche,Farmacoterapia
Università,Laurea,Chimica e Tecnologia Farmaceutiche,Chimica e Tecnologia Farmaceutiche,Dir. Farmaceutico
Università,Laurea,Chimica e Tecnologia Farmaceutiche,Chimica e Tecnologia Farmaceutiche,Biochimica Applicata
Università,Laurea,Chimica e Tecnologia Farmaceutiche,Chimica e Tecnologia Farmaceutiche,Biotecnologie Farmacologiche
Università,Laurea,Conservazione e Restauro Beni Culturali,Conservazione e Restauro Beni Culturali,Chimica Generale
Università,Laurea,Conservazione e Restauro Beni Culturali,Conservazione e Restauro Beni Culturali,Chimica Inorganica
Università,Laurea,Conservazione e Restauro Beni Culturali,Conservazione e Restauro Beni Culturali,Fisica
Università,Laurea,Conservazione e Restauro Beni Culturali,Conservazione e Restauro Beni Culturali,Materiali Lapidei e Derivati
Università,Laurea,Conservazione e Restauro Beni Culturali,Conservazione e Restauro Beni Culturali,Chimica Organica
Università,Laurea,Conservazione e Restauro Beni Culturali,Conservazione e Restauro Beni Culturali,Teoria e Prog. Restauro
Università,Laurea,Conservazione e Restauro Beni Culturali,Conservazione e Restauro Beni Culturali,Chimica del Restauro
Università,Laurea,Conservazione e Restauro Beni Culturali,Conservazione e Restauro Beni Culturali,Biologia Vegetale
Università,Laurea,Conservazione e Restauro Beni Culturali,Conservazione e Restauro Beni Culturali,Archeologia Classica
Università,Laurea,Conservazione e Restauro Beni Culturali,Conservazione e Restauro Beni Culturali,Archeologia Cristiana
Università,Laurea,Conservazione e Restauro Beni Culturali,Conservazione e Restauro Beni Culturali,Archeologia Medievale
Università,Laurea,Conservazione e Restauro Beni Culturali,Conservazione e Restauro Beni Culturali,Fisica Tecnica Ambientale
Università,Laurea,Conservazione e Restauro Beni Culturali,Conservazione e Restauro Beni Culturali,Storia della Architettura
Università,Laurea,Conservazione e Restauro Beni Culturali,Conservazione e Restauro Beni Culturali,Storia Medievale
Università,Laurea,Conservazione e Restauro Beni Culturali,Conservazione e Restauro Beni Culturali,Metodologie di Indagine Chimico Fisiche
Università,Laurea,Conservazione e Restauro Beni Culturali,Conservazione e Restauro Beni Culturali,Storia della Arte Moderna e medievale
Università,Laurea,Conservazione e Restauro Beni Culturali,Conservazione e Restauro Beni Culturali,Scienza Tecnologica dei Materiali
Università,Laurea,Conservazione e Restauro Beni Culturali,Conservazione e Restauro Beni Culturali,Dir. Beni Culturali
Università,Laurea,Conservazione e Restauro Beni Culturali,Conservazione e Restauro Beni Culturali,Museologia
Università,Laurea,Conservazione e Restauro Beni Culturali,Conservazione e Restauro Beni Culturali,Materiali per il Restauro
Università,Laurea,Conservazione e Restauro Beni Culturali,Conservazione e Restauro Beni Culturali,Biotecnologie e Entomologia
Università,Laurea,Conservazione e Restauro Beni Culturali,Conservazione e Restauro Beni Culturali,Storia Arte Contemporanea
Università,Laurea,Conservazione e Restauro Beni Culturali,Conservazione e Restauro Beni Culturali,Chimica Pigmenti
Università,Laurea,Conservazione e Restauro Beni Culturali,Conservazione e Restauro Beni Culturali,Chimica Sostanze Naturali
Università,Laurea,Conservazione e Restauro Beni Culturali,Conservazione e Restauro Beni Culturali,Gestione delle Imprese
Università,Laurea,Farmacia,Farmacia,Biologia Animale
Università,Laurea,Farmacia,Farmacia,Biologia Vegetale
Università,Laurea,Farmacia,Farmacia,Matematica
Università,Laurea,Farmacia,Farmacia,Fisica
Università,Laurea,Farmacia,Farmacia,Chimica Generale
Università,Laurea,Farmacia,Farmacia,Chimica Inorganica
Università,Laurea,Farmacia,Farmacia,Abilita Informatiche
Università,Laurea,Farmacia,Farmacia,Anatomia Umana
Università,Laurea,Farmacia,Farmacia,Chimica Analitica
Università,Laurea,Farmacia,Farmacia,Biochimica
Università,Laurea,Farmacia,Farmacia,Chimica Organica
Università,Laurea,Farmacia,Farmacia,Analisi dei Medicinali
Università,Laurea,Farmacia,Farmacia,Biochimica Applicata
Università,Laurea,Farmacia,Farmacia,Botanica Farmaceutica
Università,Laurea,Farmacia,Farmacia,Farmacognosia
Università,Laurea,Farmacia,Farmacia,Igiene
Università,Laurea,Farmacia,Farmacia,Microbiologia Generale
Università,Laurea,Farmacia,Farmacia,Analisi dei Medicinali
Università,Laurea,Farmacia,Farmacia,Chimica Farmaceutica
Università,Laurea,Farmacia,Farmacia,Tossicologia
Università,Laurea,Farmacia,Farmacia,Fisiologia Generale
Università,Laurea,Farmacia,Farmacia,Mercato farmaceutico
Università,Laurea,Farmacia,Farmacia,Presentazione e normativa dei prodotti salutari
Università,Laurea,Farmacia,Farmacia,Biosintesi delle sostanze organiche naturali
Università,Laurea,Farmacia,Farmacia,Caratterizzazione di sostanze organiche naturali
Università,Laurea,Farmacia,Farmacia,Ormoni/fitormoni
Università,Laurea,Farmacia,Farmacia,Patologia metaboliche
Università,Laurea,Farmacia,Farmacia,Dispositivi medici e Prodotti cosmetici
Università,Laurea,Farmacia,Farmacia,Fisiopatologia
Università,Laurea,Farmacia,Farmacia,Chemioterapia e farmaci biologici
Università,Laurea,Farmacia,Farmacia,Metodologie analitiche delle farmacopee
Università,Laurea,Farmacia,Farmacia,Fisiologia della nutrizione
Università,Laurea,Farmacia,Farmacia,Microbiologia applicata
Università,Laurea,Farmacia,Farmacia,Farmacologia clinica
Università,Laurea,Farmacia,Farmacia,Comunicazione scientifica del farmaco
Università,Laurea,Farmacia,Farmacia,Attività terapeutica delle piante
Università,Laurea,Farmacia,Farmacia,Medicine non convenzionali
Università,Laurea,Farmacia,Farmacia,Patologia
Università,Laurea,Farmacia,Farmacia,Farmacoterapia
Università,Laurea,Farmacia,Farmacia,Farmacoeconomia
Università,Laurea,Farmacia,Farmacia,Elementi di statistica
Università,Laurea,Farmacia,Farmacia,Attività farmacologiche componenti alimentari
Università,Laurea,Farmacia,Farmacia,Prodotti dietetici
Università,Laurea,Farmacia,Farmacia,Principi di analisi farmaceutica quantitativa
Università,Laurea,Farmacia,Farmacia,Tecnologia e legislazione farmaceutiche
Università,Laurea,Farmacia,Farmacia,Biochimica di Organo
Università,Laurea,Ingegneria Edile Architettura,Ingegneria Edile Architettura,Analisi Matematica
Università,Laurea,Ingegneria Edile Architettura,Ingegneria Edile Architettura,Geometria
Università,Laurea,Ingegneria Edile Architettura,Ingegneria Edile Architettura,Chimica
Università,Laurea,Ingegneria Edile Architettura,Ingegneria Edile Architettura,Fisica
Università,Laurea,Ingegneria Edile Architettura,Ingegneria Edile Architettura,Sociologia Urbana
Università,Laurea,Ingegneria Edile Architettura,Ingegneria Edile Architettura,Storia della Architettura
Università,Laurea,Ingegneria Edile Architettura,Ingegneria Edile Architettura,Tecniche Cotruttive
Università,Laurea,Ingegneria Edile Architettura,Ingegneria Edile Architettura,Fisica tecnica Ambientale
Università,Laurea,Ingegneria Edile Architettura,Ingegneria Edile Architettura,Statica
Università,Laurea,Ingegneria Edile Architettura,Ingegneria Edile Architettura,Storia della Arte
Università,Laurea,Ingegneria Edile Architettura,Ingegneria Edile Architettura,Storia della Architettura
Università,Laurea,Ingegneria Edile Architettura,Ingegneria Edile Architettura,Estimo ed Economia della Ambiente
Università,Laurea,Ingegneria Edile Architettura,Ingegneria Edile Architettura,Rilievo Fotogrammetrico
Università,Laurea,Ingegneria Edile Architettura,Ingegneria Edile Architettura,Scienza delle Costruzioni
Università,Laurea,Ingegneria Edile Architettura,Ingegneria Edile Architettura,Architettura Tecnica
Università,Laurea,Ingegneria Edile Architettura,Ingegneria Edile Architettura,Idraulica
Università,Laurea,Ingegneria Edile Architettura,Ingegneria Edile Architettura,Urbanistica
Università,Laurea,Ingegneria Edile Architettura,Ingegneria Edile Architettura,Scienza e Tecnologia Materiali
Università,Laurea,Ingegneria Edile Architettura,Ingegneria Edile Architettura,Pianificazione Trasporti
Università,Laurea,Ingegneria Edile Architettura,Ingegneria Edile Architettura,Tecnica Costruzioni Lab
Università,Laurea,Ingegneria Edile Architettura,Ingegneria Edile Architettura,Costruioni in Zona Sismica
Università,Laurea,Ingegneria Edile Architettura,Ingegneria Edile Architettura,Restauro Architettonico
Università,Laurea,Giurisprudenza ,Giurisprudenza ,Diritto Internazionale
Università,Laurea,Giurisprudenza,Giurisprudenza,Diritto Penale
Università,Laurea,Giurisprudenza,Giurisprudenza,Diritto Amministrativo
Università,Laurea,Giurisprudenza,Giurisprudenza,Diritto Tributario
Università,Laurea,Giurisprudenza,Giurisprudenza,Diritto Costituzionale
Università,Laurea,Giurisprudenza,Giurisprudenza,Storia Dir. Romano
Università,Laurea,Giurisprudenza,Giurisprudenza,Filosofia del Diritto
Università,Laurea,Giurisprudenza,Giurisprudenza,Istituzioni Diritto Privato
Università,Laurea,Giurisprudenza,Giurisprudenza,Diritto Commerciale
Università,Laurea,Giurisprudenza,Giurisprudenza,Diritto Ecclesiastico
Università,Laurea,Giurisprudenza,Giurisprudenza,Economia Politica
Università,Laurea,Giurisprudenza,Giurisprudenza,Diritto Del Lavoro
Università,Laurea,Giurisprudenza,Giurisprudenza,Diritto Civile
Università,Laurea,Giurisprudenza,Giurisprudenza,Diritto Unione Europea
Università,Laurea,Giurisprudenza,Giurisprudenza,Diritto Romano
Università,Laurea,Giurisprudenza,Giurisprudenza,Storia del Diritto Medievale e Moderno
Università,Laurea,Giurisprudenza ,Giurisprudenza ,Diritto Processuale Penale
Università,Laurea,Giurisprudenza,Giurisprudenza,Diritto Processuale Civile
Università,Laurea,Giurisprudenza,Giurisprudenza,Diritto Processuale Amministrativo
Università,Laurea,Giurisprudenza,Giurisprudenza,Diritto Di Famiglia
Università,Laurea,Giurisprudenza,Giurisprudenza,Diritto Industriale
Università,Laurea,Giurisprudenza,Giurisprudenza,Diritto Bancario
Università,Laurea,Giurisprudenza,Giurisprudenza,Diritto Previdenza Sociale
Università,Laurea,Giurisprudenza,Giurisprudenza,Diritto Privato Comparato
Università,Laurea,Giurisprudenza,Giurisprudenza,Diritto Costituzionale Comparato
Università,Laurea,Giurisprudenza,Giurisprudenza,Diritto Privato Pubblico Comparato
Università,Laurea,Giurisprudenza,Giurisprudenza,Spagnolo Giuridico
Università,Laurea,Giurisprudenza,Giurisprudenza,Inglese Giuridico
Università,Laurea,Giurisprudenza,Giurisprudenza,Tedesco Giuridico
Università,Laurea,Giurisprudenza,Giurisprudenza,Francese Giuridico
Università,Laurea,Giurisprudenza,Giurisprudenza,Diritto Matrimoniale
Università,Laurea,Giurisprudenza,Giurisprudenza,Diritto Matrimoniale Canonico
Università,Laurea,Giurisprudenza ,Giurisprudenza ,Diritto Canonico
Università,Laurea,Giurisprudenza,Giurisprudenza,Giurisprudenza Romana
Università,Laurea,Giurisprudenza,Giurisprudenza,Diritto Navigazione
Università,Laurea,Giurisprudenza,Giurisprudenza,Sistemi Giuridici Comparati
Università,Laurea,Giurisprudenza,Giurisprudenza,Diritto Processuale Civile Comunitario
Università,Laurea,Giurisprudenza,Giurisprudenza,Diritto Agrario
Università,Laurea,Giurisprudenza,Giurisprudenza,Diritto della Economia
Università,Laurea,Giurisprudenza,Giurisprudenza,Comparative Law
Università,Laurea,Giurisprudenza,Giurisprudenza,European Competition Law
Università,Laurea,Giurisprudenza,Giurisprudenza,Constitutional Justice
Università,Laurea,Giurisprudenza,Giurisprudenza,European Contract Law
Università,Laurea,Giurisprudenza,Giurisprudenza,European Labour Law
Università,Laurea,Giurisprudenza,Giurisprudenza,Human Rights
Università,Laurea,Giurisprudenza,Giurisprudenza,Diritto Umani
Università,Laurea,Giurisprudenza,Giurisprudenza,Giustizia Tributaria
Università,Laurea,Giurisprudenza,Giurisprudenza,Diritto Pubblico
Università,Laurea,Giurisprudenza ,Giurisprudenza ,Diritto Pubblico Comparato
Università,Laurea,Giurisprudenza,Giurisprudenza,International And European Tax Law
Università,Laurea,Giurisprudenza,Giurisprudenza,Diritto Regionale degli Enti Locali
Università,Laurea,Giurisprudenza,Giurisprudenza,Analisi Economica Del Diritto
Università,Laurea,Giurisprudenza,Giurisprudenza,European Contract Law
Università,Laurea,Giurisprudenza,Giurisprudenza,European Labour Law
Università,Laurea,Giurisprudenza,Giurisprudenza,Diritto Della Ambiente
Università,Laurea,Giurisprudenza,Giurisprudenza,Diritto Della Energia
Università,Laurea,Giurisprudenza,Giurisprudenza,Diritto Emigrazioni
Università,Laurea,Giurisprudenza,Giurisprudenza,Diritto Amministrativo Europeo
Università,Laurea,Giurisprudenza,Giurisprudenza,Diritto Penale Della Impresa
Università,Laurea,Giurisprudenza,Giurisprudenza,Criminologia
Università,Laurea,Giurisprudenza,Giurisprudenza,Legislazione Antimafia
Università,Laurea,Giurisprudenza,Giurisprudenza,Diritto Penale Comparato 
Università,Laurea,Giurisprudenza,Giurisprudenza,Diritto Privato Comparato
Università,Laurea,Giurisprudenza,Giurisprudenza,Diritto Processuale Penale Comparato
Università,Laurea,Giurisprudenza,Giurisprudenza,Diritto Pubblico Comparato
Università,Laurea,Giurisprudenza,Giurisprudenza,Medicina Legale
Università,Laurea,Giurisprudenza,Giurisprudenza,Diritto Della Crisi Di Impresa
Università,Laurea,Giurisprudenza,Giurisprudenza,Diritto Sindacale
Università,Laurea,Giurisprudenza,Giurisprudenza,Contratti Di Lavoro
Università,Laurea,Giurisprudenza,Giurisprudenza,Diritto Tributario Della Impresa
Università,Laurea,Giurisprudenza,Giurisprudenza,Dirittodella Moda - Fashion Law
Università,Laurea,Giurisprudenza,Giurisprudenza,Copyright
Università,Laurea,Giurisprudenza,Giurisprudenza,Diritto Intellettuale
Università,Laurea,Giurisprudenza,Giurisprudenza,Diritto Tributario Europeo
Università,Laurea,Giurisprudenza,Giurisprudenza,Diritto Tributario Internazionale
Università,Laurea,Medicina e Chirurgia,Medicina e Chirurgia,Scienza della Comunicazione
Università,Laurea,Medicina e Chirurgia,Medicina e Chirurgia,Fisica
Università,Laurea,Medicina e Chirurgia,Medicina e Chirurgia,Biologia
Università,Laurea,Medicina e Chirurgia,Medicina e Chirurgia,Genetica
Università,Laurea,Medicina e Chirurgia,Medicina e Chirurgia,Istologia
Università,Laurea,Medicina e Chirurgia,Medicina e Chirurgia,Embriologia
Università,Laurea,Medicina e Chirurgia,Medicina e Chirurgia,Anatomia Umana
Università,Laurea,Medicina e Chirurgia,Medicina e Chirurgia,Immunologia
Università,Laurea,Medicina e Chirurgia,Medicina e Chirurgia,Biochimica Sistematica Umana
Università,Laurea,Medicina e Chirurgia,Medicina e Chirurgia,Fisiologia Umana
Università,Laurea,Medicina e Chirurgia,Medicina e Chirurgia,Microbiologia
Università,Laurea,Medicina e Chirurgia,Medicina e Chirurgia,Patologia Generale
Università,Laurea,Medicina e Chirurgia,Medicina e Chirurgia,Fisiopatologia
Università,Laurea,Medicina e Chirurgia,Medicina e Chirurgia,Metodologia Medica
Università,Laurea,Medicina e Chirurgia,Medicina e Chirurgia,Patologia Sistemica
Università,Laurea,Medicina e Chirurgia,Medicina e Chirurgia,Malattie Infettive
Università,Laurea,Medicina e Chirurgia,Medicina e Chirurgia,Malattie Veneree
Università,Laurea,Medicina e Chirurgia,Medicina e Chirurgia,Farmacologia
Università,Laurea,Medicina e Chirurgia,Medicina e Chirurgia,Endocrinologia
Università,Laurea,Medicina e Chirurgia,Medicina e Chirurgia,Nefrologia
Università,Laurea,Medicina e Chirurgia,Medicina e Chirurgia,Gastroenterologia
Università,Laurea,Medicina e Chirurgia,Medicina e Chirurgia,Reumatologia
Università,Laurea,Medicina e Chirurgia,Medicina e Chirurgia,Medicina di Laboratorio
Università,Laurea,Medicina e Chirurgia,Medicina e Chirurgia,Diagnostica per Immagini
Università,Laurea,Medicina e Chirurgia,Medicina e Chirurgia,Microbiologia Chimica
Università,Laurea,Medicina e Chirurgia,Medicina e Chirurgia,Patologia Clinica
Università,Laurea,Medicina e Chirurgia,Medicina e Chirurgia,Biochimica Clinica
Università,Laurea,Medicina e Chirurgia,Medicina e Chirurgia,Otorinolaringogliatra
Università,Laurea,Medicina e Chirurgia,Medicina e Chirurgia,Malattie Apparato Visivo
Università,Laurea,Medicina e Chirurgia,Medicina e Chirurgia,Malattie Odontostomatologiche
Università,Laurea,Medicina e Chirurgia,Medicina e Chirurgia,Neurologia
Università,Laurea,Medicina e Chirurgia,Medicina e Chirurgia,Oncologia Clinica
Università,Laurea,Medicina e Chirurgia,Medicina e Chirurgia,Oncologia Chirurgica
Università,Laurea,Medicina e Chirurgia,Medicina e Chirurgia,Oncologia Medica
Università,Laurea,Medicina e Chirurgia,Medicina e Chirurgia,Anatomia Patologica
Università,Laurea,Medicina e Chirurgia,Medicina e Chirurgia,Igiene
Università,Laurea,Medicina e Chirurgia,Medicina e Chirurgia,Medicina del Lavoro
Università,Laurea,Medicina e Chirurgia,Medicina e Chirurgia,Fisiatria
Università,Laurea,Medicina e Chirurgia,Medicina e Chirurgia,Chirurgia Plastica
Università,Laurea,Medicina e Chirurgia,Medicina e Chirurgia,Medicina Fisica e Riabilitativa
Università,Laurea,Medicina e Chirurgia,Medicina e Chirurgia,Anestesiologia
Università,Laurea,Medicina e Chirurgia,Medicina e Chirurgia,Ostetricia
Università,Laurea,Medicina e Chirurgia,Medicina e Chirurgia,Ginecologia
Università,Laurea,Medicina e Chirurgia,Medicina e Chirurgia,Urologia
Università,Laurea,Medicina e Chirurgia,Medicina e Chirurgia,Bioetica
Università,Laurea,Medicina e Chirurgia,Medicina e Chirurgia,Pediatria
Università,Laurea,Medicina e Chirurgia,Medicina e Chirurgia,Gediatria
Università,Laurea,Medicina e Chirurgia,Medicina e Chirurgia,Medicina Interna
Università,Laurea,Medicina e Chirurgia,Medicina e Chirurgia,Psichiatria
Università,Laurea,Medicina e Chirurgia,Medicina e Chirurgia,Biochimica
Università,Laurea,Odontoiatria e Protesi Dentaria,Odontoiatria e Protesi Dentaria,Istologia Generale
Università,Laurea,Odontoiatria e Protesi Dentaria,Odontoiatria e Protesi Dentaria,Embriologia Generale
Università,Laurea,Odontoiatria e Protesi Dentaria,Odontoiatria e Protesi Dentaria,Istologia Embriologia Cavo Orale
Università,Laurea,Odontoiatria e Protesi Dentaria,Odontoiatria e Protesi Dentaria,Inglese Scientifico
Università,Laurea,Odontoiatria e Protesi Dentaria,Odontoiatria e Protesi Dentaria,Scienze Comportamentali
Università,Laurea,Odontoiatria e Protesi Dentaria,Odontoiatria e Protesi Dentaria,Psicologia Generale
Università,Laurea,Odontoiatria e Protesi Dentaria,Odontoiatria e Protesi Dentaria,Statistica Medica
Università,Laurea,Odontoiatria e Protesi Dentaria,Odontoiatria e Protesi Dentaria,Chimica
Università,Laurea,Odontoiatria e Protesi Dentaria,Odontoiatria e Protesi Dentaria,Biochimica
Università,Laurea,Odontoiatria e Protesi Dentaria,Odontoiatria e Protesi Dentaria,Biologia Genetica
Università,Laurea,Odontoiatria e Protesi Dentaria,Odontoiatria e Protesi Dentaria,Anatomia Umana
Università,Laurea,Odontoiatria e Protesi Dentaria,Odontoiatria e Protesi Dentaria,Anatomia Stomatognatica
Università,Laurea,Odontoiatria e Protesi Dentaria,Odontoiatria e Protesi Dentaria,Fisica
Università,Laurea,Odontoiatria e Protesi Dentaria,Odontoiatria e Protesi Dentaria,Microbiologia
Università,Laurea,Odontoiatria e Protesi Dentaria,Odontoiatria e Protesi Dentaria,Patologia Generale
Università,Laurea,Odontoiatria e Protesi Dentaria,Odontoiatria e Protesi Dentaria,Biologia Molecolare Clinica
Università,Laurea,Odontoiatria e Protesi Dentaria,Odontoiatria e Protesi Dentaria,Igiene Generale Applicata
Università,Laurea,Odontoiatria e Protesi Dentaria,Odontoiatria e Protesi Dentaria,Principi Odontoiatria
Università,Laurea,Odontoiatria e Protesi Dentaria,Odontoiatria e Protesi Dentaria,Odontoiatria Preventiva
Università,Laurea,Odontoiatria e Protesi Dentaria,Odontoiatria e Protesi Dentaria,Igiene Dentale
Università,Laurea,Odontoiatria e Protesi Dentaria,Odontoiatria e Protesi Dentaria,Anatomia Patologica
Università,Laurea,Odontoiatria e Protesi Dentaria,Odontoiatria e Protesi Dentaria,Patologia Clinica
Università,Laurea,Odontoiatria e Protesi Dentaria,Odontoiatria e Protesi Dentaria,Materiali Dentari
Università,Laurea,Odontoiatria e Protesi Dentaria,Odontoiatria e Protesi Dentaria,Tecnologie Protesiche
Università,Laurea,Odontoiatria e Protesi Dentaria,Odontoiatria e Protesi Dentaria,Radioterapia
Università,Laurea,Odontoiatria e Protesi Dentaria,Odontoiatria e Protesi Dentaria,Scienze Mediche
Università,Laurea,Odontoiatria e Protesi Dentaria,Odontoiatria e Protesi Dentaria,Grastroenterologia
Università,Laurea,Odontoiatria e Protesi Dentaria,Odontoiatria e Protesi Dentaria,Medicina Interna
Università,Laurea,Odontoiatria e Protesi Dentaria,Odontoiatria e Protesi Dentaria,Endocrinologia
Università,Laurea,Odontoiatria e Protesi Dentaria,Odontoiatria e Protesi Dentaria,Malattie Cutanee
Università,Laurea,Odontoiatria e Protesi Dentaria,Odontoiatria e Protesi Dentaria,Malattie Veneree
Università,Laurea,Odontoiatria e Protesi Dentaria,Odontoiatria e Protesi Dentaria,Malattie Infettive
Università,Laurea,Odontoiatria e Protesi Dentaria,Odontoiatria e Protesi Dentaria,Malattie del Sangue
Università,Laurea,Odontoiatria e Protesi Dentaria,Odontoiatria e Protesi Dentaria,Odontostomatologia
Università,Laurea,Odontoiatria e Protesi Dentaria,Odontoiatria e Protesi Dentaria,Scienze Chirurgiche
Università,Laurea,Odontoiatria e Protesi Dentaria,Odontoiatria e Protesi Dentaria,Anestesiologia
Università,Laurea,Odontoiatria e Protesi Dentaria,Odontoiatria e Protesi Dentaria,Trattamento Emergenze
Università,Laurea,Odontoiatria e Protesi Dentaria,Odontoiatria e Protesi Dentaria,Chirurgia generale
Università,Laurea,Odontoiatria e Protesi Dentaria,Odontoiatria e Protesi Dentaria,Medicina del Lavoro
Università,Laurea,Odontoiatria e Protesi Dentaria,Odontoiatria e Protesi Dentaria,Neurologia
Università,Laurea,Odontoiatria e Protesi Dentaria,Odontoiatria e Protesi Dentaria,Psichiatria
Università,Laurea,Odontoiatria e Protesi Dentaria,Odontoiatria e Protesi Dentaria,Chirurgia Orale
Università,Laurea,Odontoiatria e Protesi Dentaria,Odontoiatria e Protesi Dentaria,Ortognatodonzia
Università,Laurea,Odontoiatria e Protesi Dentaria,Odontoiatria e Protesi Dentaria,Gnatologia
Università,Laurea,Odontoiatria e Protesi Dentaria,Odontoiatria e Protesi Dentaria,Ortodonzia
Università,Laurea,Odontoiatria e Protesi Dentaria,Odontoiatria e Protesi Dentaria,Parodontologia
Università,Laurea,Odontoiatria e Protesi Dentaria,Odontoiatria e Protesi Dentaria,Protesi Dentaria
Università,Laurea,Odontoiatria e Protesi Dentaria,Odontoiatria e Protesi Dentaria,Endodonzia
Università,Laurea,Odontoiatria e Protesi Dentaria,Odontoiatria e Protesi Dentaria,Odontoiatria Conservativa
Università,Laurea,Odontoiatria e Protesi Dentaria,Odontoiatria e Protesi Dentaria,Cardiologia
Università,Laurea,Odontoiatria e Protesi Dentaria,Odontoiatria e Protesi Dentaria,Patologia e Terapia Chirurgica Testa Collo
Università,Laurea,Odontoiatria e Protesi Dentaria,Odontoiatria e Protesi Dentaria,Pediatria Generale
Università,Laurea,Odontoiatria e Protesi Dentaria,Odontoiatria e Protesi Dentaria,Otorinolaringogliatra
Università,Laurea,Scienze della Formazione Primaria,Scienze della Formazione Primaria,Geografia Scuola Primaria
Università,Laurea,Scienze della Formazione Primaria,Scienze della Formazione Primaria,Geografia Infanzia
Università,Laurea,Scienze della Formazione Primaria,Scienze della Formazione Primaria,Letteratura Italiana Scuola Primaria
Università,Laurea,Scienze della Formazione Primaria,Scienze della Formazione Primaria,Letteratura Italiana Scuola Infanzia
Università,Laurea,Scienze della Formazione Primaria,Scienze della Formazione Primaria,Tecnologia Didattica
Università,Laurea,Scienze della Formazione Primaria,Scienze della Formazione Primaria,Didattica generale
Università,Laurea,Scienze della Formazione Primaria,Scienze della Formazione Primaria,Psicologia dello Sviluppo
Università,Laurea,Scienze della Formazione Primaria,Scienze della Formazione Primaria,Psicologia della Educazione
Università,Laurea,Scienze della Formazione Primaria,Scienze della Formazione Primaria,Psicologia della Disabilità
Università,Laurea,Scienze della Formazione Primaria,Scienze della Formazione Primaria,Psicologia della Integrazione
Università,Laurea,Scienze della Formazione Primaria,Scienze della Formazione Primaria,Legislazione Scolastica
Università,Laurea,Scienze della Formazione Primaria,Scienze della Formazione Primaria,Norme sulla Sicurezza
Università,Laurea,Scienze della Formazione Primaria,Scienze della Formazione Primaria,Matematica per Scuola Primaria
Università,Laurea,Scienze della Formazione Primaria,Scienze della Formazione Primaria,Matematica per Scuola Infanzia
Università,Laurea,Scienze della Formazione Primaria,Scienze della Formazione Primaria,Docimologia
Università,Laurea,Scienze della Formazione Primaria,Scienze della Formazione Primaria,Pedagogia Sperimentale
Università,Laurea,Scienze della Formazione Primaria,Scienze della Formazione Primaria,Filosofia della Educazione
Università,Laurea,Scienze della Formazione Primaria,Scienze della Formazione Primaria,Metodologia della Ricerca Storica
Università,Laurea,Scienze della Formazione Primaria,Scienze della Formazione Primaria,Didattica della Matematica
Università,Laurea,Scienze della Formazione Primaria,Scienze della Formazione Primaria,Didattica della Letteratura
Università,Laurea,Scienze della Formazione Primaria,Scienze della Formazione Primaria,Didattica della Scrittura
Università,Laurea,Scienze della Formazione Primaria,Scienze della Formazione Primaria,Metodologia Educazione Musica
Università,Laurea,Scienze della Formazione Primaria,Scienze della Formazione Primaria,Botania Scuola Primaria e Infanzia
Università,Laurea,Scienze della Formazione Primaria,Scienze della Formazione Primaria,Zoologia Scuola Primaria e Infanzia
Università,Laurea,Scienze della Formazione Primaria,Scienze della Formazione Primaria,Letteratura per Infanzia
Università,Laurea,Scienze della Formazione Primaria,Scienze della Formazione Primaria,Metodologia Didattica Attività Motorie
Università,Laurea,Scienze della Formazione Primaria,Scienze della Formazione Primaria,Chimica Scuola Primaria e Infanzia
Università,Laurea,Scienze della Formazione Primaria,Scienze della Formazione Primaria,Didattica Lingua Italiana Primaria e Infanzia
Università,Laurea,Scienze della Formazione Primaria,Scienze della Formazione Primaria,Linguistica
Università,Laurea,Scienze della Formazione Primaria,Scienze della Formazione Primaria,Disegno Scuola Primaria e Infanzia
Università,Laurea,Scienze della Formazione Primaria,Scienze della Formazione Primaria,Fisica Scuola Primaria e Infanzia
Università,Laurea,Scienze della Formazione Primaria,Scienze della Formazione Primaria,Neuropsichiatria Infantile
Università,Laurea,Scienze della Formazione Primaria,Scienze della Formazione Primaria,Etnostoria
Università,Laurea,Agroingegneria,Agroingegneria,Biologia Vegetale
Università,Laurea,Agroingegneria,Agroingegneria,Matematica
Università,Laurea,Agroingegneria,Agroingegneria,Entomologia e Zoologia Agraria
Università,Laurea,Agroingegneria,Agroingegneria,Economia e Politica Agraria
Università,Laurea,Agroingegneria,Agroingegneria,Fisica
Università,Laurea,Agroingegneria,Agroingegneria,Chimica Generale
Università,Laurea,Agroingegneria,Agroingegneria,Chimica Organica
Università,Laurea,Agroingegneria,Agroingegneria,Patologia Vegetale
Università,Laurea,Agroingegneria,Agroingegneria,Chimica Agraria
Università,Laurea,Agroingegneria,Agroingegneria,Topografia
Università,Laurea,Agroingegneria,Agroingegneria,Cartografia
Università,Laurea,Agroingegneria,Agroingegneria,Idraulica Agraria
Università,Laurea,Agroingegneria,Agroingegneria,Agronomia
Università,Laurea,Agroingegneria,Agroingegneria,Coltivazioni Erbacee
Università,Laurea,Agroingegneria,Agroingegneria,Ortofloricoltura
Università,Laurea,Agroingegneria,Agroingegneria,Coltivazioni Arboree
Università,Laurea,Agroingegneria,Agroingegneria,Produzioni Animali
Università,Laurea,Agroingegneria,Agroingegneria,Meccanica Agraria
Università,Laurea,Agroingegneria,Agroingegneria,Estimo Rurale
Università,Laurea,Agroingegneria,Agroingegneria,Costruzioni Rurali
Università,Laurea,Agroingegneria,Agroingegneria,Fondamenti di Irrigazione e Drenaggio
Università,Laurea,Scienze Agrarie e Alimentari,Agrotecnologie per l'ambiente e il territorio,Biologia Botanica agraria
Università,Laurea,Scienze Agrarie e Alimentari,Agrotecnologie per l'ambiente e il territorio,Biologia animale
Università,Laurea,Scienze Agrarie e Alimentari,Agrotecnologie per l'ambiente e il territorio,Chimica generale e inorganica
Università,Laurea,Scienze Agrarie e Alimentari,Agrotecnologie per l'ambiente e il territorio,Matematica
Università,Laurea,Scienze Agrarie e Alimentari,Agrotecnologie per l'ambiente e il territorio,Statistica
Università,Laurea,Scienze Agrarie e Alimentari,Agrotecnologie per l'ambiente e il territorio,Chimica organica
Università,Laurea,Scienze Agrarie e Alimentari,Agrotecnologie per l'ambiente e il territorio,Elementi di economia
Università,Laurea,Scienze Agrarie e Alimentari,Agrotecnologie per l'ambiente e il territorio,Fisica
Università,Laurea,Scienze Agrarie e Alimentari,Agrotecnologie per l'ambiente e il territorio,Sistemi zootecnici Produzioni animali
Università,Laurea,Scienze Agrarie e Alimentari,Agrotecnologie per l'ambiente e il territorio,Conservazione valorizzazione degli animali
Università,Laurea,Scienze Agrarie e Alimentari,Agrotecnologie per l'ambiente e il territorio,Biochimica agraria
Università,Laurea,Scienze Agrarie e Alimentari,Agrotecnologie per l'ambiente e il territorio,fisiologia delle piante coltivate
Università,Laurea,Scienze Agrarie e Alimentari,Agrotecnologie per l'ambiente e il territorio,Chimica del suolo
Università,Laurea,Scienze Agrarie e Alimentari,Agrotecnologie per l'ambiente e il territorio,Fondamenti di ecologia
Università,Laurea,Scienze Agrarie e Alimentari,Agrotecnologie per l'ambiente e il territorio,Selvicoltura
Università,Laurea,Scienze Agrarie e Alimentari,Agrotecnologie per l'ambiente e il territorio,Geopedologia
Università,Laurea,Scienze Agrarie e Alimentari,Agrotecnologie per l'ambiente e il territorio,Agronomia
Università,Laurea,Scienze Agrarie e Alimentari,Agrotecnologie per l'ambiente e il territorio,Costruzioni rurali e territorio
Università,Laurea,Scienze Agrarie e Alimentari,Agrotecnologie per l'ambiente e il territorio,Microbiologia generale
Università,Laurea,Scienze Agrarie e Alimentari,Agrotecnologie per l'ambiente e il territorio,Microbiologia ambientale
Università,Laurea,Scienze Agrarie e Alimentari,Agrotecnologie per l'ambiente e il territorio,Ecologia agraria
Università,Laurea,Scienze Agrarie e Alimentari,Agrotecnologie per l'ambiente e il territorio,Sistemi colturali
Università,Laurea,Scienze Agrarie e Alimentari,Agrotecnologie per l'ambiente e il territorio,Idraulica
Università,Laurea,Scienze Agrarie e Alimentari,Agrotecnologie per l'ambiente e il territorio,Idrologia
Università,Laurea,Scienze Agrarie e Alimentari,Agrotecnologie per l'ambiente e il territorio,Economia ambientale
Università,Laurea,Scienze Agrarie e Alimentari,Agrotecnologie per l'ambiente e il territorio,Estimo ambientale
Università,Laurea,Scienze Agrarie e Alimentari,Agrotecnologie per l'ambiente e il territorio,Analisi e monitoraggio ambientali
Università,Laurea,Scienze Agrarie e Alimentari,Agrotecnologie per l'ambiente e il territorio,Entomologia agraria
Università,Laurea,Scienze Agrarie e Alimentari,Agrotecnologie per l'ambiente e il territorio,Patologia vegetale
Università,Laurea,Scienze Agrarie e Alimentari,Agrotecnologie per l'ambiente e il territorio,Meccanizzazione
Università,Laurea,Scienze Agrarie e Alimentari,Agrotecnologie per l'ambiente e il territorio,Sistemi energetici
Università,Laurea,Medicina Veterinaria,Allevamento e benessere animale,Anatomia degli animali domestici
Università,Laurea,Medicina Veterinaria,Allevamento e benessere animale,Chimica
Università,Laurea,Medicina Veterinaria,Allevamento e benessere animale,Economia e Politica agraria
Università,Laurea,Medicina Veterinaria,Allevamento e benessere animale,Matematica e statistica
Università,Laurea,Medicina Veterinaria,Allevamento e benessere animale,Agronomia
Università,Laurea,Medicina Veterinaria,Allevamento e benessere animale,Biochimica
Università,Laurea,Medicina Veterinaria,Allevamento e benessere animale,Fisiologia degli animali domestici
Università,Laurea,Medicina Veterinaria,Allevamento e benessere animale,Allevamenti avicoli
Università,Laurea,Medicina Veterinaria,Allevamento e benessere animale,Allevamenti cunicoli
Università,Laurea,Medicina Veterinaria,Allevamento e benessere animale,Genetica di base
Università,Laurea,Medicina Veterinaria,Allevamento e benessere animale,Miglioramento genetico
Università,Laurea,Medicina Veterinaria,Allevamento e benessere animale,Microbiologia generale
Università,Laurea,Medicina Veterinaria,Allevamento e benessere animale,Immunologia
Università,Laurea,Medicina Veterinaria,Allevamento e benessere animale,Tecnologie allevamento e benessere animale
Università,Laurea,Medicina Veterinaria,Allevamento e benessere animale,Zootecnica
Università,Laurea,Medicina Veterinaria,Allevamento e benessere animale,Progettazioni e costruzioni zootecniche
Università,Laurea,Medicina Veterinaria,Allevamento e benessere animale,Macchine ed impianti per gli allevamenti
Università,Laurea,Medicina Veterinaria,Allevamento e benessere animale,Nutrizione animale comparata
Università,Laurea,Medicina Veterinaria,Allevamento e benessere animale,Valutazione nutrizionale degli alimenti
Università,Laurea,Medicina Veterinaria,Allevamento e benessere animale,Formulazione produzione industriale mangimi
Università,Laurea,Medicina Veterinaria,Allevamento e benessere animale,Razionamento poligastrici
Università,Laurea,Medicina Veterinaria,Allevamento e benessere animale,Razionamento monogastrici
Università,Laurea,Medicina Veterinaria,Allevamento e benessere animale,Tossicologia animali domestici
Università,Laurea,Medicina Veterinaria,Allevamento e benessere animale,Legislazione zootecnica e ambientale
Università,Laurea,Medicina Veterinaria,Allevamento e benessere animale,Economia gestionale
Università,Laurea,Medicina Veterinaria,Allevamento e benessere animale,Marketing
Università,Laurea,Medicina Veterinaria,Allevamento e benessere animale,Igiene degli allevamenti
Università,Laurea,Medicina Veterinaria,Allevamento e benessere animale,Parassitologia generale
Università,Laurea,Medicina Veterinaria,Allevamento e benessere animale,Patologia generale comparata
Università,Laurea,Medicina Veterinaria,Allevamento e benessere animale,Gestione riproduzione animali domestici
Università,Laurea,Medicina Veterinaria,Allevamento e benessere animale,Alimentazione e razionamento del cane
Università,Laurea,Medicina Veterinaria,Allevamento e benessere animale,Alimentazione e razionamento del gatto
Università,Laurea,Medicina Veterinaria,Allevamento e benessere animale,Produzione del petfood
Università,Laurea,Medicina Veterinaria,Allevamento e benessere animale,Genetica degli animali da compagnia
Università,Laurea,Medicina Veterinaria,Allevamento e benessere animale,Etologia gestione cane e gatto
Università,Laurea,Medicina Veterinaria,Allevamento e benessere animale,"Alimentazione, razionamento e dietologia"
Università,Laurea,Medicina Veterinaria,Allevamento e benessere animale,Allevamento e gestione degli equini
Università,Laurea,Medicina Veterinaria,Allevamento e benessere animale,Produzione degli alimenti di origine animale
Università,Laurea,Medicina Veterinaria,Allevamento e benessere animale,Microbiologia igiene alimenti origine animale
Università,Laurea,Medicina Veterinaria,Allevamento e benessere animale,Etnografia e gestione genetica
Università,Laurea,Medicina Veterinaria,Allevamento e benessere animale,Alimentazione negli allevamenti estensivi
Università,Laurea,Medicina Veterinaria,Allevamento e benessere animale,Tecnologie di allevamento estensivo
Università,Laurea,Medicina Veterinaria,Allevamento e benessere animale,"Parassiti, biodiversità e salute ambientale"
Università,Laurea,Medicina Veterinaria,Allevamento e benessere animale,Energie rinnovabili nei sistemi agrozootecnici
Università,Laurea,Medicina Veterinaria,Allevamento e benessere animale,Gestione sostenibile dei reflui zootecnici
Università,Laurea,Medicina e Chirurgia,Assistenza sanitaria,Anatomia umana
Università,Laurea,Medicina e Chirurgia,Assistenza sanitaria,Fisiologia
Università,Laurea,Medicina e Chirurgia,Assistenza sanitaria,Biochimica
Università,Laurea,Medicina e Chirurgia,Assistenza sanitaria,Biologia applicata
Università,Laurea,Medicina e Chirurgia,Assistenza sanitaria,Psicologia generale
Università,Laurea,Medicina e Chirurgia,Assistenza sanitaria,Pedagogia generale e sociale
Università,Laurea,Medicina e Chirurgia,Assistenza sanitaria,Sociologia generale
Università,Laurea,Medicina e Chirurgia,Assistenza sanitaria,Scienze tecniche mediche applicate
Università,Laurea,Medicina e Chirurgia,Assistenza sanitaria,Storia della medicina
Università,Laurea,Medicina e Chirurgia,Assistenza sanitaria,"Epidemiologia, prevenzione e sanità pubblica"
Università,Laurea,Medicina e Chirurgia,Assistenza sanitaria,Statistica sociale
Università,Laurea,Medicina e Chirurgia,Assistenza sanitaria,Igiene generale e applicata
Università,Laurea,Medicina e Chirurgia,Assistenza sanitaria,Patologia generale
Università,Laurea,Medicina e Chirurgia,Assistenza sanitaria,Microbiologia
Università,Laurea,Medicina e Chirurgia,Assistenza sanitaria,Microbiologia clinica
Università,Laurea,Medicina e Chirurgia,Assistenza sanitaria,Medicina interna
Università,Laurea,Medicina e Chirurgia,Assistenza sanitaria,Sociologia generale
Università,Laurea,Medicina e Chirurgia,Assistenza sanitaria,Sociologia dell’ambiente e del territorio
Università,Laurea,Medicina e Chirurgia,Assistenza sanitaria,Discipline demoetnoantropologiche
Università,Laurea,Medicina e Chirurgia,Assistenza sanitaria,Istituzioni di diritto privato
Università,Laurea,Medicina e Chirurgia,Assistenza sanitaria,Ginecologia e ostetricia
Università,Laurea,Medicina e Chirurgia,Assistenza sanitaria,Endocrinologia
Università,Laurea,Medicina e Chirurgia,Assistenza sanitaria,Genetica medica
Università,Laurea,Medicina e Chirurgia,Assistenza sanitaria,"Scienze tecniche, mediche e applicate"
Università,Laurea,Medicina e Chirurgia,Assistenza sanitaria,Psicologia generale
Università,Laurea,Medicina e Chirurgia,Assistenza sanitaria,Pedagogia generale e sociale
Università,Laurea,Medicina e Chirurgia,Assistenza sanitaria,Igiene generale e applicata
Università,Laurea,Medicina e Chirurgia,Assistenza sanitaria,Scienze tecniche mediche e applicate
Università,Laurea,Medicina e Chirurgia,Assistenza sanitaria,Malattie infettive
Università,Laurea,Medicina e Chirurgia,Assistenza sanitaria,Igiene generale e applicata
Università,Laurea,Medicina e Chirurgia,Assistenza sanitaria,Malattie cutanee e veneree
Università,Laurea,Medicina e Chirurgia,Assistenza sanitaria,Scienze tecniche mediche e applicate
Università,Laurea,Medicina e Chirurgia,Assistenza sanitaria,Medicina interna
Università,Laurea,Medicina e Chirurgia,Assistenza sanitaria,Scienze tecniche e dietetiche applicate
Università,Laurea,Medicina e Chirurgia,Assistenza sanitaria,Farmacologia
Università,Laurea,Medicina e Chirurgia,Assistenza sanitaria,Scienze infermieristiche cliniche e pediatriche
Università,Laurea,Medicina e Chirurgia,Assistenza sanitaria,Scienze infermieristiche riabilitative
Università,Laurea,Medicina e Chirurgia,Assistenza sanitaria,Scienze infermieristiche neuropsichiatriche
Università,Laurea,Medicina e Chirurgia,Assistenza sanitaria,Psichiatria
Università,Laurea,Medicina e Chirurgia,Assistenza sanitaria,Neurologia
Università,Laurea,Medicina e Chirurgia,Assistenza sanitaria,Malattie dell’apparato locomotore
Università,Laurea,Medicina e Chirurgia,Assistenza sanitaria,Scienze tecniche mediche e applicate
Università,Laurea,Medicina e Chirurgia,Assistenza sanitaria,Pediatria generale e specialistica
Università,Laurea,Medicina e Chirurgia,Assistenza sanitaria,Neuropsichiatria infantile
Università,Laurea,Medicina e Chirurgia,Assistenza sanitaria,Igiene generale e applicata
Università,Laurea,Medicina e Chirurgia,Assistenza sanitaria,Psicologia dello sviluppo e dell’educazione
Università,Laurea,Medicina e Chirurgia,Assistenza sanitaria,Scienze tecniche mediche e applicate
Università,Laurea,Medicina e Chirurgia,Assistenza sanitaria,Medicina del lavoro
Università,Laurea,Medicina e Chirurgia,Assistenza sanitaria,Diagnostica per immagini
Università,Laurea,Medicina e Chirurgia,Assistenza sanitaria,Sociologia generale
Università,Laurea,Medicina e Chirurgia,Assistenza sanitaria,Scienze tecniche mediche e applicate
Università,Laurea,Medicina e Chirurgia,Assistenza sanitaria,Anestesiologia
Università,Laurea,Medicina e Chirurgia,Assistenza sanitaria,"Scienze infermieristiche generali, cliniche e pediatriche"
Università,Laurea,Medicina e Chirurgia,Assistenza sanitaria,Igiene generale e applicata
Università,Laurea,Medicina e Chirurgia,Assistenza sanitaria,Statistica medica
Università,Laurea,Medicina e Chirurgia,Assistenza sanitaria,Scienze tecniche mediche e applicate
Università,Laurea,Medicina e Chirurgia,Assistenza sanitaria,Malattie dell’apparato visive
Università,Laurea,Medicina e Chirurgia,Assistenza sanitaria,Malattie odontostomatologiche
Università,Laurea,Medicina e Chirurgia,Assistenza sanitaria,Audiologia
Università,Laurea,Medicina e Chirurgia,Assistenza sanitaria,Endocrinologia
Università,Laurea,Medicina e Chirurgia,Assistenza sanitaria,Diritto del lavoro
Università,Laurea,Medicina e Chirurgia,Assistenza sanitaria,Istituzioni di diritto privato
Università,Laurea,Medicina e Chirurgia,Assistenza sanitaria,Organizzazione aziendale
Università,Laurea,Medicina e Chirurgia,Assistenza sanitaria,Economia aziendale
Università,Laurea,Medicina e Chirurgia,Assistenza sanitaria,Scienze tecniche mediche e applicate
Università,Laurea,Medicina e Chirurgia,Assistenza sanitaria,Medicina legale
Università,Laurea,Medicina e Chirurgia,Assistenza sanitaria,Igiene generale e applicata
Università,Laurea,Biotecnologia,Biotecnologia,Biologia generale
Università,Laurea,Biotecnologia,Biotecnologia,Biologia cellulare
Università,Laurea,Biotecnologia,Biotecnologia,Chimica generale
Università,Laurea,Biotecnologia,Biotecnologia,Chimica inorganica
Università,Laurea,Biotecnologia,Biotecnologia,Matematica
Università,Laurea,Biotecnologia,Biotecnologia,Chimica organica
Università,Laurea,Biotecnologia,Biotecnologia,Elementi di economia
Università,Laurea,Biotecnologia,Biotecnologia,Bioetica
Università,Laurea,Biotecnologia,Biotecnologia,Fisica
Università,Laurea,Biotecnologia,Biotecnologia,Genetica
Università,Laurea,Biotecnologia,Biotecnologia,Biochimica
Università,Laurea,Biotecnologia,Biotecnologia,Biologia molecolare
Università,Laurea,Biotecnologia,Biotecnologia,Microbiologia generale
Università,Laurea,Biotecnologia,Biotecnologia,Fisiologia delle piante
Università,Laurea,Biotecnologia,Biotecnologia,Agronomia
Università,Laurea,Biotecnologia,Biotecnologia,Botanica
Università,Laurea,Biotecnologia,Biotecnologia,Sistemi colturali
Università,Laurea,Biotecnologia,Biotecnologia,Chimica delle molecole d’interesse
Università,Laurea,Biotecnologia,Biotecnologia,Biochimica molecole agroalimentare
Università,Laurea,Biotecnologia,Biotecnologia,Biologia funzionale delle piante
Università,Laurea,Biotecnologia,Biotecnologia,Biotecnologie cellulari animali
Università,Laurea,Biotecnologia,Biotecnologia,Biotecnologie delle fermentazioni
Università,Laurea,Biotecnologia,Biotecnologia,Metodi chimici biotecnologie
Università,Laurea,Biotecnologia,Biotecnologia,Farmacologia generale
Università,Laurea,Biotecnologia,Biotecnologia,Farmacologia cellulare
Università,Laurea,Biotecnologia,Biotecnologia,Farmacologia molecolare
Università,Laurea,Biotecnologia,Biotecnologia,Istologia 
Università,Laurea,Biotecnologia,Biotecnologia,Fisiologia cellulare
Università,Laurea,Biotecnologia,Biotecnologia,Fisiologia umana
Università,Laurea,Biotecnologia,Biotecnologia,Elementi di anatomia
Università,Laurea,Biotecnologia,Biotecnologia,Informatica
Università,Laurea,Biotecnologia,Biotecnologia,Statistica
Università,Laurea,Biotecnologia,Biotecnologia,Metodologie biochimiche
Università,Laurea,Biotecnologia,Biotecnologia,Metodologie cellulari
Università,Laurea,Biotecnologia,Biotecnologia,Fisiologia animale
Università,Laurea,Biotecnologia,Biotecnologia,Riproduzione assistita
Università,Laurea,Biotecnologia,Biotecnologia,Immunologia
Università,Laurea,Biotecnologia,Biotecnologia,Microbiologia veterinaria
Università,Laurea,Biotecnologia,Biotecnologia,Patologia comparata animali laboratorio
Università,Laurea,Biotecnologia,Biotecnologia,"Sviluppo, struttura e funzione organi e apparati"
Università,Laurea,Biotecnologia,Biotecnologia,Agrobiotecnologie microbiche
Università,Laurea,Biotecnologia,Biotecnologia,Biotecnologie molecolari per gli alimenti
Università,Laurea,Biotecnologia,Biotecnologia,Miglioramento genetico avanzato
Università,Laurea,Biotecnologia,Biotecnologia,Genetica e genomica vegetale
Università,Laurea,Biotecnologia,Biotecnologia,Entomologia
Università,Laurea,Biotecnologia,Biotecnologia,Patologia vegetale
Università,Laurea,Biotecnologia,Biotecnologia,Miglioramento genetico vegetale in vitro
Università,Laurea,Biotecnologia,Biotecnologia,Orientamento al mondo del lavoro
Università,Laurea,Biotecnologia,Biotecnologia,Bioinformatica
Università,Laurea,Biotecnologia,Biotecnologia,Biostatistica
Università,Laurea,Biotecnologia,Biotecnologia,Biotecnologie microbiche
Università,Laurea,Biotecnologia,Biotecnologia,Biotecnologie vegetali industriali
Università,Laurea,Biotecnologia,Biotecnologia,Processi biotecnologici produzione sostanze naturali
Università,Laurea,Biotecnologia,Biotecnologia,Biologia computazionale
Università,Laurea,Biotecnologia,Biotecnologia,Orientamento al mondo del lavoro
Università,Laurea,Biotecnologia,Biotecnologia,Metodi biochimici
Università,Laurea,Biotecnologia,Biotecnologia,Metodi biologico molecolari
Università,Laurea,Biotecnologia,Biotecnologia,Farmacologia e farmacoterapia
Università,Laurea,Biotecnologia,Biotecnologia,Metodologie farmacologiche
Università,Laurea,Biotecnologia,Biotecnologia,Tossicologia
Università,Laurea,Biotecnologia,Biotecnologia,Chimica farmaceutica
Università,Laurea,Biotecnologia,Biotecnologia,Processi fermentativi nella produzione di farmaci
Università,Laurea,Biotecnologia,Biotecnologia,Elementi di chimica analitica e strumentale
Università,Laurea,Biotecnologia,Biotecnologia,Analisi dei farmaci biotecnologici
Università,Laurea,Biotecnologia,Biotecnologia,Patologia generale
Università,Laurea,Biotecnologia,Biotecnologia,Microbiologia medica
Università,Laurea,Biotecnologia,Biotecnologia,Immunologia
Università,Laurea,Biotecnologia,Biotecnologia,Tecnologia e legislazione medicinali biotecnologici
Università,Laurea,Biotecnologia,Biotecnologia,Farmacologia e tossicologia veterinaria
Università,Laurea,Biotecnologia,Biotecnologia,Diritto delle biotecnologie e dei brevetti
Università,Laurea,Biotecnologia,Biotecnologia,Malattie infettive degli animali e zoonosi
Università,Laurea,Biotecnologia,Biotecnologia,Parassitologia molecolare e malattie parassitarie
Università,Laurea,Biotecnologia,Biotecnologia,Abilità informatiche
Università,Laurea,Biotecnologia,Biotecnologia,Genetica molecolare applicazione animali domestici
Università,Laurea,Biotecnologia,Biotecnologia,Allevamento degli animali da laboratorio
Università,Laurea,Biotecnologia,Biotecnologia,Biotecnologie e nutrizione animale
Università,Laurea,Biotecnologia,Biotecnologia,Qualità degli alimenti di origine animale
Università,Laurea,Medicina e Chirurgia,Biotecnologie mediche,Biologia generale e cellulare
Università,Laurea,Medicina e Chirurgia,Biotecnologie mediche,Chimica generale
Università,Laurea,Medicina e Chirurgia,Biotecnologie mediche,Chimica inorganica
Università,Laurea,Medicina e Chirurgia,Biotecnologie mediche,Matematica
Università,Laurea,Medicina e Chirurgia,Biotecnologie mediche,Chimica organica
Università,Laurea,Medicina e Chirurgia,Biotecnologie mediche,Fisica applicata
Università,Laurea,Medicina e Chirurgia,Biotecnologie mediche,Genetica
Università,Laurea,Medicina e Chirurgia,Biotecnologie mediche,Istologia
Università,Laurea,Medicina e Chirurgia,Biotecnologie mediche,Anatomia umana
Università,Laurea,Medicina e Chirurgia,Biotecnologie mediche,Biologia molecolare
Università,Laurea,Medicina e Chirurgia,Biotecnologie mediche,Fisiologia umana
Università,Laurea,Medicina e Chirurgia,Biotecnologie mediche,Metodologie cellulari
Università,Laurea,Medicina e Chirurgia,Biotecnologie mediche,Metodologie molecolari
Università,Laurea,Medicina e Chirurgia,Biotecnologie mediche,"Aspetti giuridici, gestionali e bioetici biotecnologie"
Università,Laurea,Medicina e Chirurgia,Biotecnologie mediche,Genetica molecolare
Università,Laurea,Medicina e Chirurgia,Biotecnologie mediche,Genetica umana
Università,Laurea,Medicina e Chirurgia,Biotecnologie mediche,Microbiologia
Università,Laurea,Medicina e Chirurgia,Biotecnologie mediche,Virologia medica
Università,Laurea,Medicina e Chirurgia,Biotecnologie mediche,Patologia generale
Università,Laurea,Medicina e Chirurgia,Biotecnologie mediche,Immunologia
Università,Laurea,Medicina e Chirurgia,Biotecnologie mediche,Biochimica
Università,Laurea,Medicina e Chirurgia,Biotecnologie mediche,Fondamenti di biochimica umana
Università,Laurea,Medicina e Chirurgia,Biotecnologie mediche,Biotecnologie in diagnostica
Università,Laurea,Medicina e Chirurgia,Biotecnologie mediche,Statistica nella sperimentazione biomedica
Università,Laurea,Medicina e Chirurgia,Biotecnologie mediche,Fisiopatologia medica
Università,Laurea,Medicina e Chirurgia,Biotecnologie mediche,Principi di diagnostica
Università,Laurea,Medicina e Chirurgia,Biotecnologie mediche,Terapia biotecnologica
Università,Laurea,Medicina e Chirurgia,Biotecnologie mediche,Applicazioni biotecnologiche in medicina
Università,Laurea,Medicina e Chirurgia,Biotecnologie mediche,Farmacologia medica
Università,Laurea,Chimica,Chimica Generale,Chimica generale
Università,Laurea,Chimica,Chimica Generale,Chimica inorganica
Università,Laurea,Chimica,Chimica Generale,Istituzioni di matematica
Università,Laurea,Chimica,Chimica Generale,Chimica analitica
Università,Laurea,Chimica,Chimica Generale,Chimica organica
Università,Laurea,Chimica,Chimica Generale,Matematica
Università,Laurea,Chimica,Chimica Generale,Calcolo numerico
Università,Laurea,Chimica,Chimica Generale,Fisica generale
Università,Laurea,Chimica,Chimica Generale,Chimica biologica
Università,Laurea,Chimica,Chimica Generale,Chimica analitica strumentale
Università,Laurea,Chimica,Chimica Generale,Chimica dei composti
Università,Laurea,Chimica,Chimica Generale,Chimica fisica
Università,Laurea,Scienze del Farmaco,Chimica e tecnologia farmaceutiche,Biologia vegetale
Università,Laurea,Scienze del Farmaco,Chimica e tecnologia farmaceutiche,Biologia animale
Università,Laurea,Scienze del Farmaco,Chimica e tecnologia farmaceutiche,Chimica analitica
Università,Laurea,Scienze del Farmaco,Chimica e tecnologia farmaceutiche,Fisica
Università,Laurea,Scienze del Farmaco,Chimica e tecnologia farmaceutiche,Abilità informatiche
Università,Laurea,Scienze del Farmaco,Chimica e tecnologia farmaceutiche,Anatomia umana
Università,Laurea,Scienze del Farmaco,Chimica e tecnologia farmaceutiche,Fisiologia
Università,Laurea,Scienze del Farmaco,Chimica e tecnologia farmaceutiche,Chimica generale
Università,Laurea,Scienze del Farmaco,Chimica e tecnologia farmaceutiche,Chimica inorganica
Università,Laurea,Scienze del Farmaco,Chimica e tecnologia farmaceutiche,Stechiometria
Università,Laurea,Scienze del Farmaco,Chimica e tecnologia farmaceutiche,Analisi dei medicinali
Università,Laurea,Scienze del Farmaco,Chimica e tecnologia farmaceutiche,Chimica fisica
Università,Laurea,Scienze del Farmaco,Chimica e tecnologia farmaceutiche,Microbiologia applicata
Università,Laurea,Scienze del Farmaco,Chimica e tecnologia farmaceutiche,Analisi dei farmaci
Università,Laurea,Scienze del Farmaco,Chimica e tecnologia farmaceutiche,Chimica degli alimenti
Università,Laurea,Scienze del Farmaco,Chimica e tecnologia farmaceutiche,Biochimica
Università,Laurea,Scienze del Farmaco,Chimica e tecnologia farmaceutiche,Patologia generale
Università,Laurea,Scienze del Farmaco,Chimica e tecnologia farmaceutiche,Chimica organica
Università,Laurea,Scienze del Farmaco,Chimica e tecnologia farmaceutiche,Farmacognosia
Università,Laurea,Scienze del Farmaco,Chimica e tecnologia farmaceutiche,Biochimica applicata
Università,Laurea,Scienze del Farmaco,Chimica e tecnologia farmaceutiche,Farmacologia
Università,Laurea,Scienze del Farmaco,Chimica e tecnologia farmaceutiche,Farmacoterapia
Università,Laurea,Scienze del Farmaco,Chimica e tecnologia farmaceutiche,Chimica farmaceutica
Università,Laurea,Scienze del Farmaco,Chimica e tecnologia farmaceutiche,Tossicologica
Università,Laurea,Scienze del Farmaco,Chimica e tecnologia farmaceutiche,Tecnologia e legislazione farmaceutiche
Università,Laurea,Scienze del Farmaco,Chimica e tecnologia farmaceutiche,Metodologie progettazione e sviluppo farmaco
Università,Laurea,Scienze del Farmaco,Chimica e tecnologia farmaceutiche,Analisi e procedure di convalida industria farmaceutica
Università,Laurea,Scienze del Farmaco,Chimica e tecnologia farmaceutiche,Metodologie avanzate chimica farmaceutica
Università,Laurea,Scienze del Farmaco,Chimica e tecnologia farmaceutiche,Aspetti tecnologici e normativi prodotti area salutare
Università,Laurea,Scienze del Farmaco,Chimica e tecnologia farmaceutiche,Normativa relativa AIC e brevetti  medicinali
Università,Laurea,Scienze del Farmaco,Chimica e tecnologia farmaceutiche,Tecnologie farmaceutiche innovative
Università,Laurea,Scienze del Farmaco,Chimica e tecnologia farmaceutiche,Biotecnologie farmacologiche
Università,Laurea,Scienze del Farmaco,Chimica e tecnologia farmaceutiche,Biologia molecolare
Università,Laurea,Scienze del Farmaco,Chimica e tecnologia farmaceutiche,Farmacologia cellulare
Università,Laurea,Scienze del Farmaco,Chimica e tecnologia farmaceutiche,Farmacologia molecolare
Università,Laurea,Scienze del Farmaco,Chimica e tecnologia farmaceutiche,Farmacologia sperimentale
Università,Laurea,Scienze del Farmaco,Chimica e tecnologia farmaceutiche,Farmacologia clinica
Università,Laurea,Scienze del Farmaco,Chimica e tecnologia farmaceutiche,Farmacoeconomia
Università,Laurea,Scienze del Farmaco,Chimica e tecnologia farmaceutiche,Farmacoepidemiologia
Università,Laurea,Scienze del Farmaco,Chimica e tecnologia farmaceutiche,Farmaco-tossicologia di farmaci biotecnologici
Università,Laurea,Scienze del Farmaco,Chimica e tecnologia farmaceutiche,Normativa AIC e brevetti dei medicinali
Università,Laurea,Scienze del Farmaco,Chimica e tecnologia farmaceutiche,Chimica metallorganica
Università,Laurea,Scienze del Farmaco,Chimica e tecnologia farmaceutiche,Applicazioni in chimica fine
Università,Laurea,Scienze del Farmaco,Chimica e tecnologia farmaceutiche,Nanoparticelle inorganiche nelle scienze della vita
Università,Laurea,Scienze del Farmaco,Chimica e tecnologia farmaceutiche,Metodologie di caratterizzazione avanzate
Università,Laurea,Scienze del Farmaco,Chimica e tecnologia farmaceutiche,Aspetti sintetici nella preparazione di biomolecole
Università,Laurea,Scienze del Farmaco,Chimica e tecnologia farmaceutiche,Biomolecole applicate allo studio di sistemi biologici
Università,Laurea,Scienze del Farmaco,Chimica e tecnologia farmaceutiche,Metodologie innovative di sintesi e di analisi
Università,Laurea,Scienze del Farmaco,Chimica e tecnologia farmaceutiche,Metodologie innovative di sintesi e di analisi
Università,Laurea,Scienze del Farmaco,Chimica e tecnologia farmaceutiche,Endocrinologia
Università,Laurea,Scienze del Farmaco,Chimica e tecnologia farmaceutiche,Metabolismo
Università,Laurea,Scienze del Farmaco,Chimica e tecnologia farmaceutiche,Esigenze nutrizionali nel corso della vita
Università,Laurea,Scienze del Farmaco,Chimica e tecnologia farmaceutiche,Aspetti patologici della nutrizione
Università,Laurea,Scienze del Farmaco,Chimica e tecnologia farmaceutiche,Biochimica clinica
Università,Laurea,Scienze del Farmaco,Chimica e tecnologia farmaceutiche,Biologia molecolare clinica
Università,Laurea,Scienze del Farmaco,Chimica e tecnologia farmaceutiche,Bioetica
Università,Laurea,Scienze del Farmaco,Chimica e tecnologia farmaceutiche,Chimica e biotecnologia delle fermentazioni
Università,Laurea,Scienze del Farmaco,Chimica e tecnologia farmaceutiche,Organizzazione aziendale
Università,Laurea,Scienze del Farmaco,Chimica e tecnologia farmaceutiche,Statistica per la ricerca sperimentale e tecnologica
Università,Laurea,Scienze del Farmaco,Chimica e tecnologia farmaceutiche,Fabbricazione industriale dei medicinali
Università,Laurea,Scienze del Farmaco,Chimica e tecnologia farmaceutiche,Laboratorio di tecnologia farmaceutica
Università,Laurea,Scienze del Farmaco,Chimica e tecnologia farmaceutiche,Analisi dei principi attivi in matrici complesse
Università,Laurea,Scienze del Farmaco,Chimica e tecnologia farmaceutiche,Drug master file
Università,Laurea,Scienze del Farmaco,Chimica e tecnologia farmaceutiche,Biologia molecolare studio bersagli terapeutici
Università,Laurea,Scienze del Farmaco,Chimica e tecnologia farmaceutiche,Tecniche per lo studio del proteoma
Università,Laurea,Scienze del Farmaco,Chimica e tecnologia farmaceutiche,Aspetti di economia e marketing dei medicinali
Università,Laurea,Scienze del Farmaco,Chimica e tecnologia farmaceutiche,Medicinali generici
Università,Laurea,Scienze del Farmaco,Chimica e tecnologia farmaceutiche,Tecnologie biochimico-cliniche
Università,Laurea,Scienze del Farmaco,Chimica e tecnologia farmaceutiche,Valutazione clinica di biomarcatori
Università,Laurea,Scienze del Farmaco,Chimica e tecnologia farmaceutiche,Esami di laboratorio
Università,Laurea,Scienze del Farmaco,Chimica e tecnologia farmaceutiche,Biosintesi di sostanze organiche naturali
Università,Laurea,Scienze del Farmaco,Chimica e tecnologia farmaceutiche,Biocatalisi applicata alla sintesi organica
Università,Laurea,Scienze del Farmaco,Chimica e tecnologia farmaceutiche,Chimica dei composti eterociclici
Università,Laurea,Scienze del Farmaco,Chimica e tecnologia farmaceutiche,Applicazioni di catalisi metallorganica
Università,Laurea,Scienze del Farmaco,Chimica e tecnologia farmaceutiche,Chimica dei recettor
Università,Laurea,Scienze del Farmaco,Chimica e tecnologia farmaceutiche,Nanotecnologie farmaceutiche
Università,Laurea,Scienze del Farmaco,Chimica e tecnologia farmaceutiche,Chimica metallorganica
Università,Laurea,Scienze del Farmaco,Chimica e tecnologia farmaceutiche,Metallorganica e catalisi stereocontrollata
Università,Laurea,Scienze del Farmaco,Chimica e tecnologia farmaceutiche,Farmaci biotecnologici
Università,Laurea,Scienze del Farmaco,Chimica e tecnologia farmaceutiche,Preparazione industriale di farmaci da precursori di origine fermentativa o estrattiva
Università,Laurea,Scienze del Farmaco,Chimica e tecnologia farmaceutiche,Farmaci innovativi
Università,Laurea,Scienze del Farmaco,Chimica e tecnologia farmaceutiche,Radiofarmaci
Università,Laurea,Scienze del Farmaco,Chimica e tecnologia farmaceutiche,Chemioterapia
Università,Laurea,Scienze del Farmaco,Chimica e tecnologia farmaceutiche,Neuropsicofarmacologia
Università,Laurea,Scienze del Farmaco,Chimica e tecnologia farmaceutiche,Integratori alimentari
Università,Laurea,Scienze del Farmaco,Chimica e tecnologia farmaceutiche,Alimenti funzionali e novel food
Università,Laurea,Scienze del Farmaco,Chimica e tecnologia farmaceutiche,Approcci molecolari all'endocrinologia
Università,Laurea,Scienze del Farmaco,Chimica e tecnologia farmaceutiche,Tecnologie cellulari
Università,Laurea,Scienze del Farmaco,Chimica e tecnologia farmaceutiche,Cosmesi decorativa
Università,Laurea,Scienze del Farmaco,Chimica e tecnologia farmaceutiche,Tecnologia dei prodotti cosmetici
Università,Laurea,Scienze del Farmaco,Chimica e tecnologia farmaceutiche,Presentazione e normativa dei prodotti salutari
Università,Laurea,Scienze del Farmaco,Chimica e tecnologia farmaceutiche,Dispositivi medici
Università,Laurea,Scienze del Farmaco,Chimica e tecnologia farmaceutiche,Stereochimica farmaceutica
Università,Laurea,Scienze del Farmaco,Chimica e tecnologia farmaceutiche,Metodologie informatiche progettazione farmaci
Università,Laurea,Scienze del Farmaco,Chimica e tecnologia farmaceutiche,Cellule staminali in farmacologia e terapia
Università,Laurea,Scienze del Farmaco,Chimica e tecnologia farmaceutiche,Proteine ricombinanti in farmacologia e terapia
Università,Laurea,Chimica,Chimica industriale,Chimica gerale
Università,Laurea,Chimica,Chimica industriale,Chimica inorganica
Università,Laurea,Chimica,Chimica industriale,Matematica
Università,Laurea,Chimica,Chimica industriale,Chimica analitica
Università,Laurea,Chimica,Chimica industriale,Chimica organica
Università,Laurea,Chimica,Chimica industriale,Fisica generale
Università,Laurea,Chimica,Chimica industriale,Chimica fisica
Università,Laurea,Chimica,Chimica industriale,Chimica inorganica
Università,Laurea,Chimica,Chimica industriale,Chimica biologica
Università,Laurea,Chimica,Chimica industriale,Chimica fisica industriale
Università,Laurea,Chimica,Chimica industriale,Chimica industriale
Università,Laurea,Chimica,Chimica industriale,Chimica macromolecolare
Università,Laurea,Chimica,Chimica industriale,Impianti chimici
Università,Laurea,Comunicazione,Comunicazione e società,Economia e industria dei media
Università,Laurea,Comunicazione,Comunicazione e società,Informazione e costituzione
Università,Laurea,Comunicazione,Comunicazione e società,Scrittura di lingua italiana
Università,Laurea,Comunicazione,Comunicazione e società,Psicologia della comunicazione
Università,Laurea,Comunicazione,Comunicazione e società,Sociolinguistica
Università,Laurea,Comunicazione,Comunicazione e società,Sociologia e cultura
Università,Laurea,Comunicazione,Comunicazione e società,Storia contemporanea
Università,Laurea,Comunicazione,Comunicazione e società,Comunicazione interculturale
Università,Laurea,Comunicazione,Comunicazione e società,Informatica generale
Università,Laurea,Comunicazione,Comunicazione e società,Laboratorio di informatica
Università,Laurea,Comunicazione,Comunicazione e società,Marketing
Università,Laurea,Comunicazione,Comunicazione e società,Strategie d’impresa
Università,Laurea,Comunicazione,Comunicazione e società,Media digitali
Università,Laurea,Comunicazione,Comunicazione e società,Metodi e tecniche della ricerca sociale
Università,Laurea,Comunicazione,Comunicazione e società,Sociologia della comunicazione
Università,Laurea,Comunicazione,Comunicazione e società,Storia sociale dei media
Università,Laurea,Comunicazione,Comunicazione e società,Diritto europeo della comunicazione
Università,Laurea,Comunicazione,Comunicazione e società,Languages of the media
Università,Laurea,Comunicazione,Comunicazione e società,Diritto di Internet
Università,Laurea,Comunicazione,Comunicazione e società,Economia e tecnica della pubblicità
Università,Laurea,Comunicazione,Comunicazione e società,Libertà di espressione
Università,Laurea,Comunicazione,Comunicazione e società,Gestione e comunicazione d’impresa
Università,Laurea,Comunicazione,Comunicazione e società,Sociologia dei processi culturali
Università,Laurea,Comunicazione,Comunicazione e società,Organizzazione e risorse umane
Università,Laurea,Comunicazione,Comunicazione e società,Processi globali dell’informazione
Università,Laurea,Medicina e Chirurgia,Dietistica,Chimica biologica
Università,Laurea,Medicina e Chirurgia,Dietistica,Chimica
Università,Laurea,Medicina e Chirurgia,Dietistica,Biochimica
Università,Laurea,Medicina e Chirurgia,Dietistica,Biologia applicata
Università,Laurea,Medicina e Chirurgia,Dietistica,Istologia
Università,Laurea,Medicina e Chirurgia,Dietistica,Informatica
Università,Laurea,Medicina e Chirurgia,Dietistica,Fisiologia
Università,Laurea,Medicina e Chirurgia,Dietistica,Fisiologia della nutrizione
Università,Laurea,Medicina e Chirurgia,Dietistica,Microbiologia
Università,Laurea,Medicina e Chirurgia,Dietistica,Microbiologia clinica
Università,Laurea,Medicina e Chirurgia,Dietistica,Igiene generale
Università,Laurea,Medicina e Chirurgia,Dietistica,Igiene applicata
Università,Laurea,Medicina e Chirurgia,Dietistica,Patologia generale
Università,Laurea,Medicina e Chirurgia,Dietistica,Immunologia
Università,Laurea,Medicina e Chirurgia,Dietistica,Genetica medica
Università,Laurea,Medicina e Chirurgia,Dietistica,Chimica degli alimenti
Università,Laurea,Medicina e Chirurgia,Dietistica,Scienze e tecnologie alimentari
Università,Laurea,Medicina e Chirurgia,Dietistica,Fisica applicata
Università,Laurea,Medicina e Chirurgia,Dietistica,Informatica
Università,Laurea,Medicina e Chirurgia,Dietistica,Statistica medica
Università,Laurea,Medicina e Chirurgia,Dietistica,Diagnostica per immagini e radioterapia
Università,Laurea,Medicina e Chirurgia,Dietistica,Biochimica clinica
Università,Laurea,Medicina e Chirurgia,Dietistica,Biologia molecolare clinica
Università,Laurea,Medicina e Chirurgia,Dietistica,Farmacologia
Università,Laurea,Medicina e Chirurgia,Dietistica,Pediatria generale
Università,Laurea,Medicina e Chirurgia,Dietistica,Pediatria specialistica
Università,Laurea,Medicina e Chirurgia,Dietistica,Neuropsichiatria infantile
Università,Laurea,Medicina e Chirurgia,Dietistica,Ginecologia e ostetricia
Università,Laurea,Medicina e Chirurgia,Dietistica,Psicologia generale
Università,Laurea,Medicina e Chirurgia,Dietistica,Pedagogia generale e sociale
Università,Laurea,Medicina e Chirurgia,Dietistica,Statistica per la ricerca sperimentale e tecnologica
Università,Laurea,Medicina e Chirurgia,Dietistica,Economia
Università,Laurea,Medicina e Chirurgia,Dietistica,Educazione sanitaria
Università,Laurea,Medicina e Chirurgia,Dietistica,Nutrizione della collettività
Università,Laurea,Medicina e Chirurgia,Dietistica,Medicina interna
Università,Laurea,Medicina e Chirurgia,Dietistica,Malattie apparato cardiovascolare
Università,Laurea,Medicina e Chirurgia,Dietistica,Gastroenterologia
Università,Laurea,Medicina e Chirurgia,Dietistica,Nefrologia
Università,Laurea,Medicina e Chirurgia,Dietistica,Accertamento dello stato nutrizionale
Università,Laurea,Medicina e Chirurgia,Dietistica,Principi di dietetica
Università,Laurea,Medicina e Chirurgia,Dietistica,Medicina legale e principi di deontologia
Università,Laurea,Medicina e Chirurgia,Dietistica,Psichiatria
Università,Laurea,Medicina e Chirurgia,Dietistica,Neurologia
Università,Laurea,Medicina e Chirurgia,Dietistica,Psicologia clinica
Università,Laurea,Medicina e Chirurgia,Dietistica,Oncologia medica
Università,Laurea,Medicina e Chirurgia,Dietistica,Endocrinologia
Università,Laurea,Medicina e Chirurgia,Dietistica,Chirurgia generale
Università,Laurea,Medicina e Chirurgia,Dietistica,Malattie odontostomatologiche
Università,Laurea,Medicina e Chirurgia,Dietistica,Dietoterapia specialistica
Università,Laurea,Medicina e Chirurgia,Dietistica,Legislazione sanitaria
Università,Laurea,Medicina e Chirurgia,Dietistica,Legislazione alimentare
Università,Laurea,Medicina e Chirurgia,Dietistica,Metodi e didattiche delle attività motorie
Università,Laurea,Economia,Economia e management,Diritto privato
Università,Laurea,Economia,Economia e management,Economia aziendale
Università,Laurea,Economia,Economia e management,English business communication
Università,Laurea,Economia,Economia e management,Management
Università,Laurea,Economia,Economia e management,Matematica
Università,Laurea,Economia,Economia e management,Microeconomia
Università,Laurea,Economia,Economia e management,Analisi di bilancio
Università,Laurea,Economia,Economia e management,Diritto commerciale
Università,Laurea,Economia,Economia e management,Econometria
Università,Laurea,Economia,Economia e management,Macroeconomia
Università,Laurea,Economia,Economia e management,Scienza delle finanze
Università,Laurea,Economia,Economia e management,Statistica
Università,Laurea,Economia,Economia e management,Diritto del lavoro
Università,Laurea,Economia,Economia e management,Diritto dell’Unione Europea
Università,Laurea,Economia,Economia e management,Statistica economica
Università,Laurea,Economia,Economia e management,Marketing
Università,Laurea,Economia,Economia e management,Economia degli intermediari finanziari
Università,Laurea,Economia,Economia e management,Politica economica
Università,Laurea,Economia,Economia e management,Storia economica
Università,Laurea,Medicina e Chirurgia,Educazione professionale,Diritto pubblico
Università,Laurea,Medicina e Chirurgia,Educazione professionale,Sociologia generale
Università,Laurea,Medicina e Chirurgia,Educazione professionale,Diagnostica per immagini
Università,Laurea,Medicina e Chirurgia,Educazione professionale,Igiene generale
Università,Laurea,Medicina e Chirurgia,Educazione professionale,Radioterapia
Università,Laurea,Medicina e Chirurgia,Educazione professionale,Medicina del lavoro
Università,Laurea,Medicina e Chirurgia,Educazione professionale,Diritto del lavoro
Università,Laurea,Medicina e Chirurgia,Educazione professionale,Informatica
Università,Laurea,Medicina e Chirurgia,Educazione professionale,Igiene generale applicata
Università,Laurea,Medicina e Chirurgia,Educazione professionale,Scienze infermieristiche
Università,Laurea,Medicina e Chirurgia,Educazione professionale,Tecniche neuropsichiatriche e riabilitative
Università,Laurea,Medicina e Chirurgia,Educazione professionale,Metodi e didattica delle attività motorie
Università,Laurea,Medicina e Chirurgia,Educazione professionale,Filosofia morale
Università,Laurea,Medicina e Chirurgia,Educazione professionale,Statistica sociale
Università,Laurea,Medicina e Chirurgia,Educazione professionale,Psicologia generale
Università,Laurea,Medicina e Chirurgia,Educazione professionale,Psicologia sociale
Università,Laurea,Medicina e Chirurgia,Educazione professionale,Fisiologia
Università,Laurea,Medicina e Chirurgia,Educazione professionale,Biochimica
Università,Laurea,Medicina e Chirurgia,Educazione professionale,Anatomia umana
Università,Laurea,Medicina e Chirurgia,Educazione professionale,Pedagogia
Università,Laurea,Medicina e Chirurgia,Educazione professionale,Antropologia culturale
Università,Laurea,Medicina e Chirurgia,Educazione professionale,Sociologia dei processi culturali e comunicativi
Università,Laurea,Medicina e Chirurgia,Educazione professionale,Farmacologia
Università,Laurea,Medicina e Chirurgia,Educazione professionale,Patologia clinica
Università,Laurea,Medicina e Chirurgia,Educazione professionale,Neurologia
Università,Laurea,Medicina e Chirurgia,Educazione professionale,Psichiatria
Università,Laurea,Medicina e Chirurgia,Educazione professionale,Neuropsichiatria infantile
Università,Laurea,Medicina e Chirurgia,Educazione professionale,Psicologia dello sviluppo
Università,Laurea,Medicina e Chirurgia,Educazione professionale,Psicologia clinica
Università,Laurea,Medicina e Chirurgia,Educazione professionale,Didattica e pedagogia speciale
Università,Laurea,Medicina e Chirurgia,Educazione professionale,Pedagogia sperimentale
Università,Laurea,Medicina e Chirurgia,Educazione professionale,Sociologia dei processi culturali e comunicativi
Università,Laurea,Medicina e Chirurgia,Educazione professionale,Sociologia dell'ambiente e del territorio
Università,Laurea,Medicina e Chirurgia,Educazione professionale,Psicologia sociale
Università,Laurea,Medicina e Chirurgia,Educazione professionale,Psicologia del lavoro e delle organizzazioni
Università,Laurea,Medicina e Chirurgia,Educazione professionale,Organizzazione aziendale
Università,Laurea,Medicina e Chirurgia,Educazione professionale,Diritto privato
Università,Laurea,Medicina e Chirurgia,Educazione professionale,Diritto penale
Università,Laurea,Medicina e Chirurgia,Educazione professionale,Sociologia giuridica devianza e mutamento sociale
Università,Laurea,Studi Umanistici,Filosofia,Storia della filosofia
Università,Laurea,Studi Umanistici,Filosofia,Storia della filosofia antica
Università,Laurea,Studi Umanistici,Filosofia,Storia della filosofia medievale
Università,Laurea,Studi Umanistici,Filosofia,Storia della filosofia moderna
Università,Laurea,Studi Umanistici,Filosofia,Storia della filosofica politica
Università,Laurea,Studi Umanistici,Filosofia,Antropologia filosofica
Università,Laurea,Studi Umanistici,Filosofia,Ermeneutica filosofica
Università,Laurea,Studi Umanistici,Filosofia,Filosofia del diritto
Università,Laurea,Studi Umanistici,Filosofia,Filosofia della scienza
Università,Laurea,Studi Umanistici,Filosofia,Filosofia morale
Università,Laurea,Studi Umanistici,Filosofia,Filosofia teoretica
Università,Laurea,Studi Umanistici,Filosofia,Gnoseologia
Università,Laurea,Studi Umanistici,Filosofia,Istituzioni di logica
Università,Laurea,Studi Umanistici,Filosofia,Logica e filosofia della scienza
Università,Laurea,Studi Umanistici,Filosofia,Estetica
Università,Laurea,Studi Umanistici,Filosofia,Poetica e retorica
Università,Laurea,Studi Umanistici,Filosofia,Filosofia del linguaggio
Università,Laurea,Studi Umanistici,Filosofia,Istituzioni di logica
Università,Laurea,Studi Umanistici,Filosofia,Storia della filosofia morale
Università,Laurea,Studi Umanistici,Filosofia,Semiotica
Università,Laurea,Studi Umanistici,Filosofia,Storia della scienza
Università,Laurea,Studi Umanistici,Filosofia,Teorie del linguaggio e della mente
Università,Laurea,Studi Umanistici,Filosofia,Comunicazione letteraria nell’Italia novecentesca
Università,Laurea,Studi Umanistici,Filosofia,English for Academic purposes
Università,Laurea,Studi Umanistici,Filosofia,Glottologia
Università,Laurea,Studi Umanistici,Filosofia,Letteratura francese
Università,Laurea,Studi Umanistici,Filosofia,Letteratura francese contemporanea
Università,Laurea,Studi Umanistici,Filosofia,Letteratura greca
Università,Laurea,Studi Umanistici,Filosofia,Letteratura inglese
Università,Laurea,Studi Umanistici,Filosofia,Letteratura inglese contemporanea
Università,Laurea,Studi Umanistici,Filosofia,Letteratura italiana
Università,Laurea,Studi Umanistici,Filosofia,Letteratura latina
Università,Laurea,Studi Umanistici,Filosofia,Letteratura russa contemporanea
Università,Laurea,Studi Umanistici,Filosofia,Letteratura spagnola
Università,Laurea,Studi Umanistici,Filosofia,Letteratura spagnola contemporanea
Università,Laurea,Studi Umanistici,Filosofia,Letteratura teatrale della Grecia antica
Università,Laurea,Studi Umanistici,Filosofia,Letteratura tedesca
Università,Laurea,Studi Umanistici,Filosofia,Letteratura tedesca contemporanea
Università,Laurea,Studi Umanistici,Filosofia,Lingua francese
Università,Laurea,Studi Umanistici,Filosofia,Lingua inglese
Università,Laurea,Studi Umanistici,Filosofia,Lingua spagnola
Università,Laurea,Studi Umanistici,Filosofia,Lingua tedesca
Università,Laurea,Studi Umanistici,Filosofia,Linguistica generale
Università,Laurea,Studi Umanistici,Filosofia,Storia contemporanea
Università,Laurea,Studi Umanistici,Filosofia,Storia dei paesi slavi
Università,Laurea,Studi Umanistici,Filosofia,Storia delle dottrine politiche
Università,Laurea,Studi Umanistici,Filosofia,Storia economica
Università,Laurea,Studi Umanistici,Filosofia,Storia greca
Università,Laurea,Studi Umanistici,Filosofia,Storia medievale
Università,Laurea,Studi Umanistici,Filosofia,Storia moderna
Università,Laurea,Studi Umanistici,Filosofia,Storia romana
Università,Laurea,Studi Umanistici,Filosofia,Algebra
Università,Laurea,Studi Umanistici,Filosofia,Analisi matematica
Università,Laurea,Studi Umanistici,Filosofia,Fondamenti di informatica per le scienze umanistiche
Università,Laurea,Studi Umanistici,Filosofia,Fondamenti di psicologia
Università,Laurea,Studi Umanistici,Filosofia,Logica matematica
Università,Laurea,Studi Umanistici,Filosofia,Religioni del mondo classico
Università,Laurea,Studi Umanistici,Filosofia,Storia del cristianesimo
Università,Laurea,Studi Umanistici,Filosofia,Storia del cristianesimo antico
Università,Laurea,Studi Umanistici,Filosofia,Storia del pensiero ebraico
Università,Laurea,Studi Umanistici,Filosofia,Storia della chiesa
Università,Laurea,Studi Umanistici,Filosofia,Storia della filosofia e della psicologia
Università,Laurea,Studi Umanistici,Filosofia,Antropologia culturale
Università,Laurea,Studi Umanistici,Filosofia,Chimica generale e inorganica
Università,Laurea,Studi Umanistici,Filosofia,Didattica della storia
Università,Laurea,Studi Umanistici,Filosofia,Drammaturgia musicale
Università,Laurea,Studi Umanistici,Filosofia,Economia politica
Università,Laurea,Studi Umanistici,Filosofia,Evoluzione biologica
Università,Laurea,Studi Umanistici,Filosofia,Indologia
Università,Laurea,Studi Umanistici,Filosofia,Letteratura russa contemporanea
Università,Laurea,Studi Umanistici,Filosofia,Scienza politica
Università,Laurea,Studi Umanistici,Filosofia,Storia del giornalismo
Università,Laurea,Studi Umanistici,Filosofia,Storia del Risorgimento
Università,Laurea,Studi Umanistici,Filosofia,Storia della radio e della televisione
Università,Laurea,Studi Umanistici,Filosofia,Storia dell'arte contemporanea
Università,Laurea,Studi Umanistici,Filosofia,Storia dell'arte medievale
Università,Laurea,Studi Umanistici,Filosofia,Storia dell'arte moderna
Università,Laurea,Fisica,Fisica Generale,Analisi matematica
Università,Laurea,Fisica,Fisica Generale,Meccanica
Università,Laurea,Fisica,Fisica Generale,Informatica
Università,Laurea,Fisica,Fisica Generale,Onde e oscillazioni
Università,Laurea,Fisica,Fisica Generale,Geometria
Università,Laurea,Fisica,Fisica Generale,Elementi di statistica
Università,Laurea,Fisica,Fisica Generale,Meccanica analitica
Università,Laurea,Fisica,Fisica Generale,Fisica Moderna
Università,Laurea,Fisica,Fisica Generale,Metodi matematici della Fisica
Università,Laurea,Fisica,Fisica Generale,Elettromagnetismo
Università,Laurea,Fisica,Fisica Generale,Ottica e fisica moderna
Università,Laurea,Fisica,Fisica Generale,Elettronica
Università,Laurea,Fisica,Fisica Generale,Meccanica quantistica
Università,Laurea,Fisica,Fisica Generale,Istituzioni di Fisica nucleare e subnucleare
Università,Laurea,Fisica,Fisica Generale,Chimica
Università,Laurea,Fisica,Fisica Generale,Fisica computazionale
Università,Laurea,Fisica,Fisica Generale,Teoria relatività generale
Università,Laurea,Fisica,Fisica Generale,Astrofisica
Università,Laurea,Fisica,Fisica Generale,Fisica statistica
Università,Laurea,Fisica,Fisica Generale,Fisica della materia
Università,Laurea,Fisica,Fisica Generale,Fisica atmosfera
Università,Laurea,Fisica,Fisica Generale,Fisica terrestre
Università,Laurea,Fisica,Fisica Generale,Misure nucleari
Università,Laurea,Fisica,Fisica Generale,Ottica
Università,Laurea,Fisica,Fisica Generale,Spettroscopia gamma
Università,Laurea,Medicina e Chirurgia,Fisioterapia,Fisica applicata
Università,Laurea,Medicina e Chirurgia,Fisioterapia,Informatica
Università,Laurea,Medicina e Chirurgia,Fisioterapia,Statistica medica
Università,Laurea,Medicina e Chirurgia,Fisioterapia,Anatomia
Università,Laurea,Medicina e Chirurgia,Fisioterapia,Istologia
Università,Laurea,Medicina e Chirurgia,Fisioterapia,Biologia applicata
Università,Laurea,Medicina e Chirurgia,Fisioterapia,Biochimica
Università,Laurea,Medicina e Chirurgia,Fisioterapia,Genetica medica
Università,Laurea,Medicina e Chirurgia,Fisioterapia,Psicologia generale
Università,Laurea,Medicina e Chirurgia,Fisioterapia,Psicologia clinica
Università,Laurea,Medicina e Chirurgia,Fisioterapia,Pedagogia generale e sociale
Università,Laurea,Medicina e Chirurgia,Fisioterapia,Psicologia dell'educazione e dello sviluppo
Università,Laurea,Medicina e Chirurgia,Fisioterapia,Malattie dell'apparato locomotore
Università,Laurea,Medicina e Chirurgia,Fisioterapia,Neurologia
Università,Laurea,Medicina e Chirurgia,Fisioterapia,Fisiologia
Università,Laurea,Medicina e Chirurgia,Fisioterapia,Patologia generale
Università,Laurea,Medicina e Chirurgia,Fisioterapia,Anatomia patologica
Università,Laurea,Medicina e Chirurgia,Fisioterapia,Microbiologia
Università,Laurea,Medicina e Chirurgia,Fisioterapia,Medicina fisica e riabilitativa
Università,Laurea,Medicina e Chirurgia,Fisioterapia,Scienze infermieristiche
Università,Laurea,Medicina e Chirurgia,Fisioterapia,Tecniche neuropsichiatriche e riabilitative
Università,Laurea,Medicina e Chirurgia,Fisioterapia,Reumatologia
Università,Laurea,Medicina e Chirurgia,Fisioterapia,Malattie dell'apparato locomotore
Università,Laurea,Medicina e Chirurgia,Fisioterapia,Neurologia
Università,Laurea,Medicina e Chirurgia,Fisioterapia,Diagnostica per immagini e radioterapia
Università,Laurea,Medicina e Chirurgia,Fisioterapia,Farmacologia
Università,Laurea,Medicina e Chirurgia,Fisioterapia,Medicina interna
Università,Laurea,Medicina e Chirurgia,Fisioterapia,Malattie dell'apparato respiratorio
Università,Laurea,Medicina e Chirurgia,Fisioterapia,Malattie dell'apparato cardiovascolare
Università,Laurea,Medicina e Chirurgia,Fisioterapia,Psichiatria
Università,Laurea,Medicina e Chirurgia,Fisioterapia,Chirurgia generale
Università,Laurea,Medicina e Chirurgia,Fisioterapia,Malattie cutanee e veneree
Università,Laurea,Medicina e Chirurgia,Fisioterapia,Neuropsichiatria infantile
Università,Laurea,Medicina e Chirurgia,Fisioterapia,Pediatria generale
Università,Laurea,Medicina e Chirurgia,Fisioterapia,Chirurgia generale
Università,Laurea,Medicina e Chirurgia,Fisioterapia,Chirurgia vascolare
Università,Laurea,Medicina e Chirurgia,Fisioterapia,Chirurgia toracica
Università,Laurea,Medicina e Chirurgia,Fisioterapia,Ginecologia e ostetricia
Università,Laurea,Medicina e Chirurgia,Fisioterapia,Chirurgia plastica
Università,Laurea,Medicina e Chirurgia,Fisioterapia,Medicina fisica e riabilitativa
Università,Laurea,Medicina e Chirurgia,Fisioterapia,Tecniche neuropsichiatriche e riabilitative
Università,Laurea,Medicina e Chirurgia,Fisioterapia,Diritto amministrativo
Università,Laurea,Medicina e Chirurgia,Fisioterapia,Organizzazione aziendale
Università,Laurea,Medicina e Chirurgia,Fisioterapia,Medicina legale
Università,Laurea,Medicina e Chirurgia,Fisioterapia,Igiene generale e applicata
Università,Laurea,Medicina e Chirurgia,Fisioterapia,Medicina fisica e riabilitativa
Università,Laurea,Medicina e Chirurgia,Fisioterapia,Scienze tecniche mediche applicate
Università,Laurea,Medicina e Chirurgia,Fisioterapia,Bioingegneria elettronica e informatica
Università,Laurea,Medicina e Chirurgia,Igiene Dentale,Fisica applicata
Università,Laurea,Medicina e Chirurgia,Igiene Dentale,Statistica medica
Università,Laurea,Medicina e Chirurgia,Igiene Dentale,Informatica
Università,Laurea,Medicina e Chirurgia,Igiene Dentale,Fisiologia
Università,Laurea,Medicina e Chirurgia,Igiene Dentale,Biochimica
Università,Laurea,Medicina e Chirurgia,Igiene Dentale,Biochimica clinica e Biologia molecolare clinica
Università,Laurea,Medicina e Chirurgia,Igiene Dentale,Biologia applicata
Università,Laurea,Medicina e Chirurgia,Igiene Dentale,Anatomia umana
Università,Laurea,Medicina e Chirurgia,Igiene Dentale,Istologia
Università,Laurea,Medicina e Chirurgia,Igiene Dentale,Patologia generale
Università,Laurea,Medicina e Chirurgia,Igiene Dentale,Microbiologia e Microbiologia clinica
Università,Laurea,Medicina e Chirurgia,Igiene Dentale,Malattie odontostomatologiche
Università,Laurea,Medicina e Chirurgia,Igiene Dentale,Igiene generale e applicata
Università,Laurea,Medicina e Chirurgia,Igiene Dentale,Scienze tecniche mediche e applicate
Università,Laurea,Medicina e Chirurgia,Igiene Dentale,Malattie odontostomatologiche
Università,Laurea,Medicina e Chirurgia,Igiene Dentale,Scienze tecniche mediche e applicate
Università,Laurea,Medicina e Chirurgia,Igiene Dentale,Parodontologia
Università,Laurea,Medicina e Chirurgia,Igiene Dentale,Malattie odontostomatologiche
Università,Laurea,Medicina e Chirurgia,Igiene Dentale,Scienze tecniche mediche e applicate
Università,Laurea,Medicina e Chirurgia,Igiene Dentale,Malattie odontostomatologiche
Università,Laurea,Medicina e Chirurgia,Igiene Dentale,Scienze tecniche mediche e applicate
Università,Laurea,Medicina e Chirurgia,Igiene Dentale,Farmacologia
Università,Laurea,Medicina e Chirurgia,Igiene Dentale,Patologia clinica
Università,Laurea,Medicina e Chirurgia,Igiene Dentale,Anatomia patologica
Università,Laurea,Medicina e Chirurgia,Igiene Dentale,Medicina interna
Università,Laurea,Medicina e Chirurgia,Igiene Dentale,Malattie infettive
Università,Laurea,Medicina e Chirurgia,Igiene Dentale,Chirurgia maxillo-facciale
Università,Laurea,Medicina e Chirurgia,Igiene Dentale,Chirurgia generale
Università,Laurea,Medicina e Chirurgia,Igiene Dentale,Endocrinologia
Università,Laurea,Medicina e Chirurgia,Igiene Dentale,Malattie del sangue
Università,Laurea,Medicina e Chirurgia,Igiene Dentale,Psichiatria
Università,Laurea,Medicina e Chirurgia,Igiene Dentale,Otorinolaringoiatria
Università,Laurea,Medicina e Chirurgia,Igiene Dentale,Anestesiologia
Università,Laurea,Medicina e Chirurgia,Igiene Dentale,Malattie dell’apparato cardiovascolare
Università,Laurea,Medicina e Chirurgia,Igiene Dentale,Gastroenterologia
Università,Laurea,Medicina e Chirurgia,Igiene Dentale,Diagnostica per immagini e radioterapia
Università,Laurea,Medicina e Chirurgia,Igiene Dentale,Medicina legale
Università,Laurea,Medicina e Chirurgia,Igiene Dentale,"Scienze infermieristiche generali, cliniche e pediatriche"
Università,Laurea,Medicina e Chirurgia,Igiene Dentale,Scienze dietetiche applicate a dietistica
Università,Laurea,Medicina e Chirurgia,Igiene Dentale,Storia della medicina
Università,Laurea,Medicina e Chirurgia,Igiene Dentale,Pedagogia generale e sociale
Università,Laurea,Medicina e Chirurgia,Igiene Dentale,Psicologia generale
Università,Laurea,Medicina e Chirurgia,Igiene Dentale,Psicologia dello sviluppo e dell’educazione
Università,Laurea,Medicina e Chirurgia,Igiene Dentale,Sociologia generale
Università,Laurea,Medicina e Chirurgia,Igiene Dentale,Malattie odontostomatologiche
Università,Laurea,Medicina e Chirurgia,Igiene Dentale,Scienze tecniche mediche e applicate
Università,Laurea,Medicina e Chirurgia,Igiene Dentale,Istituzioni di diritto pubblico
Università,Laurea,Medicina e Chirurgia,Igiene Dentale,Organizzazione aziendale
Università,Laurea,Medicina e Chirurgia,Igiene Dentale,Psicologia del lavoro delle organizzazioni
Università,Laurea,Medicina e Chirurgia,Igiene Dentale,Sistemi di elaborazione delle informazioni
Università,Laurea,Medicina e Chirurgia,Igiene Dentale,Statistica per la ricerca sperimentale e tecnologica
